sample_id,item_id,cloud_pct,num_water_pixels,days_before_sample,visual_href
0072fbcc30aa4c0b6f2a3c62e283aca0,S2B_MSIL2A_20190703T155829_R097_T17RML_20201005T085415,0.042325685007796834,141321.0,9,https://sentinel2l2a01.blob.core.windows.net/sentinel2-l2/17/R/ML/2019/07/03/S2B_MSIL2A_20190703T155829_N0212_R097_T17RML_20201005T085415.SAFE/GRANULE/L2A_T17RML_A012135_20190703T160727/IMG_DATA/R10m/T17RML_20190703T155829_TCI_10m.tif
012bc06756784c3deb78c9f9fe2c93f9,S2B_MSIL2A_20190623T155829_R097_T17RMM_20201006T053622,0.008136457210077443,63556.0,14,https://sentinel2l2a01.blob.core.windows.net/sentinel2-l2/17/R/MM/2019/06/23/S2B_MSIL2A_20190623T155829_N0212_R097_T17RMM_20201006T053622.SAFE/GRANULE/L2A_T17RMM_A011992_20190623T161512/IMG_DATA/R10m/T17RMM_20190623T155829_TCI_10m.tif
014aa973b9629517e2d2376fbba84c07,S2B_MSIL2A_20190703T155829_R097_T17RMN_20201005T085416,0.0036025879815704343,108587.0,9,https://sentinel2l2a01.blob.core.windows.net/sentinel2-l2/17/R/MN/2019/07/03/S2B_MSIL2A_20190703T155829_N0212_R097_T17RMN_20201005T085416.SAFE/GRANULE/L2A_T17RMN_A012135_20190703T160727/IMG_DATA/R10m/T17RMN_20190703T155829_TCI_10m.tif
0252d4aec30109c680d4b45b48ea0081,S2A_MSIL2A_20190625T160521_R054_T17RNK_20201006T061046,0.0,161202.0,9,https://sentinel2l2a01.blob.core.windows.net/sentinel2-l2/17/R/NK/2019/06/25/S2A_MSIL2A_20190625T160521_N0212_R054_T17RNK_20201006T061046.SAFE/GRANULE/L2A_T17RNK_A020929_20190625T160516/IMG_DATA/R10m/T17RNK_20190625T160521_TCI_10m.tif
03046ffc8c2801d0a22b345f7719f535,S2B_MSIL2A_20190703T155829_R097_T17RMM_20201005T085417,0.0017400254876972845,107434.0,12,https://sentinel2l2a01.blob.core.windows.net/sentinel2-l2/17/R/MM/2019/07/03/S2B_MSIL2A_20190703T155829_N0212_R097_T17RMM_20201005T085417.SAFE/GRANULE/L2A_T17RMM_A012135_20190703T160727/IMG_DATA/R10m/T17RMM_20190703T155829_TCI_10m.tif
0358c13b203a723fbd6113e54a64b67d,S2B_MSIL2A_20190703T155829_R097_T17RML_20201005T085415,0.042325685007796834,141321.0,4,https://sentinel2l2a01.blob.core.windows.net/sentinel2-l2/17/R/ML/2019/07/03/S2B_MSIL2A_20190703T155829_N0212_R097_T17RML_20201005T085415.SAFE/GRANULE/L2A_T17RML_A012135_20190703T160727/IMG_DATA/R10m/T17RML_20190703T155829_TCI_10m.tif
045d17b692deca557e0bb83f4dcb968d,S2A_MSIL2A_20190625T160521_R054_T17RNK_20201006T061046,0.0,161604.0,8,https://sentinel2l2a01.blob.core.windows.net/sentinel2-l2/17/R/NK/2019/06/25/S2A_MSIL2A_20190625T160521_N0212_R054_T17RNK_20201006T061046.SAFE/GRANULE/L2A_T17RNK_A020929_20190625T160516/IMG_DATA/R10m/T17RNK_20190625T160521_TCI_10m.tif
05cc3f86c898ff974dbf1dfc886a23d4,S2B_MSIL2A_20190623T155829_R097_T17RML_20201006T053546,0.008440385138981708,135254.0,10,https://sentinel2l2a01.blob.core.windows.net/sentinel2-l2/17/R/ML/2019/06/23/S2B_MSIL2A_20190623T155829_N0212_R097_T17RML_20201006T053546.SAFE/GRANULE/L2A_T17RML_A011992_20190623T161512/IMG_DATA/R10m/T17RML_20190623T155829_TCI_10m.tif
05f41ce1128fdbf481f65a4b1339d56e,S2B_MSIL2A_20190703T155829_R097_T17RML_20201005T085415,0.042325685007796834,141321.0,0,https://sentinel2l2a01.blob.core.windows.net/sentinel2-l2/17/R/ML/2019/07/03/S2B_MSIL2A_20190703T155829_N0212_R097_T17RML_20201005T085415.SAFE/GRANULE/L2A_T17RML_A012135_20190703T160727/IMG_DATA/R10m/T17RML_20190703T155829_TCI_10m.tif
06dc3dc14745077b65a45ceecc7e1920,S2B_MSIL2A_20190703T155829_R097_T17RML_20201005T085415,0.00941084207430644,145052.0,3,https://sentinel2l2a01.blob.core.windows.net/sentinel2-l2/17/R/ML/2019/07/03/S2B_MSIL2A_20190703T155829_N0212_R097_T17RML_20201005T085415.SAFE/GRANULE/L2A_T17RML_A012135_20190703T160727/IMG_DATA/R10m/T17RML_20190703T155829_TCI_10m.tif
08fcbf1e937dd97301441b95c6b99abb,S2B_MSIL2A_20190623T155829_R097_T17RMM_20201006T053622,0.006666013135967062,30476.0,15,https://sentinel2l2a01.blob.core.windows.net/sentinel2-l2/17/R/MM/2019/06/23/S2B_MSIL2A_20190623T155829_N0212_R097_T17RMM_20201006T053622.SAFE/GRANULE/L2A_T17RMM_A011992_20190623T161512/IMG_DATA/R10m/T17RMM_20190623T155829_TCI_10m.tif
09601642bab9d213f11be7ca83875c83,S2B_MSIL2A_20190703T155829_R097_T17RMM_20201005T085417,0.0017400254876972845,107434.0,7,https://sentinel2l2a01.blob.core.windows.net/sentinel2-l2/17/R/MM/2019/07/03/S2B_MSIL2A_20190703T155829_N0212_R097_T17RMM_20201005T085417.SAFE/GRANULE/L2A_T17RMM_A012135_20190703T160727/IMG_DATA/R10m/T17RMM_20190703T155829_TCI_10m.tif
0a3fabb112a0c4d8d121b320febfa999,S2B_MSIL2A_20190703T155829_R097_T17RML_20201005T085415,0.042325685007796834,141321.0,2,https://sentinel2l2a01.blob.core.windows.net/sentinel2-l2/17/R/ML/2019/07/03/S2B_MSIL2A_20190703T155829_N0212_R097_T17RML_20201005T085415.SAFE/GRANULE/L2A_T17RML_A012135_20190703T160727/IMG_DATA/R10m/T17RML_20190703T155829_TCI_10m.tif
0e73b9379096f2dd8008a1fd04efce8b,S2B_MSIL2A_20190703T155829_R097_T17RMN_20201005T085416,0.0036025879815704343,108587.0,1,https://sentinel2l2a01.blob.core.windows.net/sentinel2-l2/17/R/MN/2019/07/03/S2B_MSIL2A_20190703T155829_N0212_R097_T17RMN_20201005T085416.SAFE/GRANULE/L2A_T17RMN_A012135_20190703T160727/IMG_DATA/R10m/T17RMN_20190703T155829_TCI_10m.tif
0e8b36b1b3243167da89090200d24a41,S2B_MSIL2A_20190623T155829_R097_T17RMM_20201006T053622,0.007915890598960886,46794.0,15,https://sentinel2l2a01.blob.core.windows.net/sentinel2-l2/17/R/MM/2019/06/23/S2B_MSIL2A_20190623T155829_N0212_R097_T17RMM_20201006T053622.SAFE/GRANULE/L2A_T17RMM_A011992_20190623T161512/IMG_DATA/R10m/T17RMM_20190623T155829_TCI_10m.tif
0ed8a72ee433e8950b9aa023c5a99963,S2A_MSIL2A_20190625T160521_R054_T17RNL_20201006T061044,0.0,161202.0,12,https://sentinel2l2a01.blob.core.windows.net/sentinel2-l2/17/R/NL/2019/06/25/S2A_MSIL2A_20190625T160521_N0212_R054_T17RNL_20201006T061044.SAFE/GRANULE/L2A_T17RNL_A020929_20190625T160516/IMG_DATA/R10m/T17RNL_20190625T160521_TCI_10m.tif
11ba93ce62346c5bcda6c40f03f46b9b,S2B_MSIL2A_20190623T155829_R097_T17RMM_20201006T053622,0.01021958631506715,40360.0,14,https://sentinel2l2a01.blob.core.windows.net/sentinel2-l2/17/R/MM/2019/06/23/S2B_MSIL2A_20190623T155829_N0212_R097_T17RMM_20201006T053622.SAFE/GRANULE/L2A_T17RMM_A011992_20190623T161512/IMG_DATA/R10m/T17RMM_20190623T155829_TCI_10m.tif
12a9ab0a3a2bc2073ca200790d6b25a4,S2A_MSIL2A_20190625T160521_R054_T17RNK_20201006T061046,0.0,160801.0,20,https://sentinel2l2a01.blob.core.windows.net/sentinel2-l2/17/R/NK/2019/06/25/S2A_MSIL2A_20190625T160521_N0212_R054_T17RNK_20201006T061046.SAFE/GRANULE/L2A_T17RNK_A020929_20190625T160516/IMG_DATA/R10m/T17RNK_20190625T160521_TCI_10m.tif
1419240af8fe69a16ed2358c05360969,S2A_MSIL2A_20190625T160521_R054_T17RNK_20201006T061046,0.0,161202.0,9,https://sentinel2l2a01.blob.core.windows.net/sentinel2-l2/17/R/NK/2019/06/25/S2A_MSIL2A_20190625T160521_N0212_R054_T17RNK_20201006T061046.SAFE/GRANULE/L2A_T17RNK_A020929_20190625T160516/IMG_DATA/R10m/T17RNK_20190625T160521_TCI_10m.tif
14e1732ac562a7265fb4cbe564739ac8,S2B_MSIL2A_20190623T155829_R097_T17RML_20201006T053546,0.008440385138981708,135254.0,15,https://sentinel2l2a01.blob.core.windows.net/sentinel2-l2/17/R/ML/2019/06/23/S2B_MSIL2A_20190623T155829_N0212_R097_T17RML_20201006T053546.SAFE/GRANULE/L2A_T17RML_A011992_20190623T161512/IMG_DATA/R10m/T17RML_20190623T155829_TCI_10m.tif
1585140465f75c850d520e29c9318849,S2A_MSIL2A_20190625T160521_R054_T17RNK_20201006T061046,0.0010098024727845918,117065.0,8,https://sentinel2l2a01.blob.core.windows.net/sentinel2-l2/17/R/NK/2019/06/25/S2A_MSIL2A_20190625T160521_N0212_R054_T17RNK_20201006T061046.SAFE/GRANULE/L2A_T17RNK_A020929_20190625T160516/IMG_DATA/R10m/T17RNK_20190625T160521_TCI_10m.tif
183fbe7e0bb74a547c8dc9042006296f,S2A_MSIL2A_20190625T160521_R054_T17RNL_20201006T061044,0.0,161202.0,17,https://sentinel2l2a01.blob.core.windows.net/sentinel2-l2/17/R/NL/2019/06/25/S2A_MSIL2A_20190625T160521_N0212_R054_T17RNL_20201006T061044.SAFE/GRANULE/L2A_T17RNL_A020929_20190625T160516/IMG_DATA/R10m/T17RNL_20190625T160521_TCI_10m.tif
189ba373b32ede2cd5a39bd66155c63f,S2B_MSIL2A_20190703T155829_R097_T17RLN_20201005T085412,0.0005212813094586493,131005.0,9,https://sentinel2l2a01.blob.core.windows.net/sentinel2-l2/17/R/LN/2019/07/03/S2B_MSIL2A_20190703T155829_N0212_R097_T17RLN_20201005T085412.SAFE/GRANULE/L2A_T17RLN_A012135_20190703T160727/IMG_DATA/R10m/T17RLN_20190703T155829_TCI_10m.tif
1977b41cada4eb309c58c1fbf791b121,S2B_MSIL2A_20190623T155829_R097_T17RML_20201006T053546,0.000792059602485087,98480.0,11,https://sentinel2l2a01.blob.core.windows.net/sentinel2-l2/17/R/ML/2019/06/23/S2B_MSIL2A_20190623T155829_N0212_R097_T17RML_20201006T053546.SAFE/GRANULE/L2A_T17RML_A011992_20190623T161512/IMG_DATA/R10m/T17RML_20190623T155829_TCI_10m.tif
1a8e7a67f116a92e3409d809b07b7a95,S2B_MSIL2A_20190703T155829_R097_T17RMN_20201005T085416,0.0007388798581350672,129671.0,0,https://sentinel2l2a01.blob.core.windows.net/sentinel2-l2/17/R/MN/2019/07/03/S2B_MSIL2A_20190703T155829_N0212_R097_T17RMN_20201005T085416.SAFE/GRANULE/L2A_T17RMN_A012135_20190703T160727/IMG_DATA/R10m/T17RMN_20190703T155829_TCI_10m.tif
1c1e7dbfe136aff7f707aa4bb018e74e,S2A_MSIL2A_20190625T160521_R054_T17RNK_20201006T061046,0.0,161202.0,8,https://sentinel2l2a01.blob.core.windows.net/sentinel2-l2/17/R/NK/2019/06/25/S2A_MSIL2A_20190625T160521_N0212_R054_T17RNK_20201006T061046.SAFE/GRANULE/L2A_T17RNK_A020929_20190625T160516/IMG_DATA/R10m/T17RNK_20190625T160521_TCI_10m.tif
1cf146cae39994dcf0c2672051b00781,S2B_MSIL2A_20190703T155829_R097_T17RMM_20201005T085417,0.04889226546417018,98136.0,1,https://sentinel2l2a01.blob.core.windows.net/sentinel2-l2/17/R/MM/2019/07/03/S2B_MSIL2A_20190703T155829_N0212_R097_T17RMM_20201005T085417.SAFE/GRANULE/L2A_T17RMM_A012135_20190703T160727/IMG_DATA/R10m/T17RMM_20190703T155829_TCI_10m.tif
1dfd6a27894d5634ab9f736bc1ba8edc,S2A_MSIL2A_20190628T155911_R097_T17RMM_20201006T072411,0.046122929124595625,153972.0,4,https://sentinel2l2a01.blob.core.windows.net/sentinel2-l2/17/R/MM/2019/06/28/S2A_MSIL2A_20190628T155911_N0212_R097_T17RMM_20201006T072411.SAFE/GRANULE/L2A_T17RMM_A020972_20190628T160328/IMG_DATA/R10m/T17RMM_20190628T155911_TCI_10m.tif
1ec1f5f687efe8dce3b39c03f63cc4d8,S2B_MSIL2A_20190703T155829_R097_T17RMM_20201005T085417,0.04889226546417018,98136.0,9,https://sentinel2l2a01.blob.core.windows.net/sentinel2-l2/17/R/MM/2019/07/03/S2B_MSIL2A_20190703T155829_N0212_R097_T17RMM_20201005T085417.SAFE/GRANULE/L2A_T17RMM_A012135_20190703T160727/IMG_DATA/R10m/T17RMM_20190703T155829_TCI_10m.tif
1fe61fcda8bf968bd18590703775f22a,S2A_MSIL2A_20190625T160521_R054_T17RNK_20201006T061046,2.475186257765897e-05,160739.0,9,https://sentinel2l2a01.blob.core.windows.net/sentinel2-l2/17/R/NK/2019/06/25/S2A_MSIL2A_20190625T160521_N0212_R054_T17RNK_20201006T061046.SAFE/GRANULE/L2A_T17RNK_A020929_20190625T160516/IMG_DATA/R10m/T17RNK_20190625T160521_TCI_10m.tif
2292db713cb090ad160fb0d9fe074fe0,S2A_MSIL2A_20190625T160521_R054_T17RNK_20201006T061046,0.0,161202.0,16,https://sentinel2l2a01.blob.core.windows.net/sentinel2-l2/17/R/NK/2019/06/25/S2A_MSIL2A_20190625T160521_N0212_R054_T17RNK_20201006T061046.SAFE/GRANULE/L2A_T17RNK_A020929_20190625T160516/IMG_DATA/R10m/T17RNK_20190625T160521_TCI_10m.tif
234cfa1b86b88cccbed9ddbbd921932b,S2B_MSIL2A_20190703T155829_R097_T17RML_20201005T085415,0.00941084207430644,145052.0,5,https://sentinel2l2a01.blob.core.windows.net/sentinel2-l2/17/R/ML/2019/07/03/S2B_MSIL2A_20190703T155829_N0212_R097_T17RML_20201005T085415.SAFE/GRANULE/L2A_T17RML_A012135_20190703T160727/IMG_DATA/R10m/T17RML_20190703T155829_TCI_10m.tif
23773eda80b6ed7e4b1694f118b86b96,S2B_MSIL2A_20190623T155829_R097_T17RML_20201006T053546,0.000792059602485087,98480.0,10,https://sentinel2l2a01.blob.core.windows.net/sentinel2-l2/17/R/ML/2019/06/23/S2B_MSIL2A_20190623T155829_N0212_R097_T17RML_20201006T053546.SAFE/GRANULE/L2A_T17RML_A011992_20190623T161512/IMG_DATA/R10m/T17RML_20190623T155829_TCI_10m.tif
2633a4e944531a1ef60aa33c9406456a,S2A_MSIL2A_20190625T160521_R054_T17RMK_20201006T061035,0.0,136603.0,16,https://sentinel2l2a01.blob.core.windows.net/sentinel2-l2/17/R/MK/2019/06/25/S2A_MSIL2A_20190625T160521_N0212_R054_T17RMK_20201006T061035.SAFE/GRANULE/L2A_T17RMK_A020929_20190625T160516/IMG_DATA/R10m/T17RMK_20190625T160521_TCI_10m.tif
27859007eafd950a383509bd8a00d61c,S2A_MSIL2A_20190625T160521_R054_T17RNL_20201006T061044,0.0,161202.0,20,https://sentinel2l2a01.blob.core.windows.net/sentinel2-l2/17/R/NL/2019/06/25/S2A_MSIL2A_20190625T160521_N0212_R054_T17RNL_20201006T061044.SAFE/GRANULE/L2A_T17RNL_A020929_20190625T160516/IMG_DATA/R10m/T17RNL_20190625T160521_TCI_10m.tif
27db0318da156b5399e7da085ec7137b,S2B_MSIL2A_20190623T155829_R097_T17RMM_20201006T053622,0.04859366533668292,44548.0,10,https://sentinel2l2a01.blob.core.windows.net/sentinel2-l2/17/R/MM/2019/06/23/S2B_MSIL2A_20190623T155829_N0212_R097_T17RMM_20201006T053622.SAFE/GRANULE/L2A_T17RMM_A011992_20190623T161512/IMG_DATA/R10m/T17RMM_20190623T155829_TCI_10m.tif
297f88877433eb9902633190119fc1d8,S2A_MSIL2A_20190625T160521_R054_T17RNK_20201006T061046,0.0,161202.0,9,https://sentinel2l2a01.blob.core.windows.net/sentinel2-l2/17/R/NK/2019/06/25/S2A_MSIL2A_20190625T160521_N0212_R054_T17RNK_20201006T061046.SAFE/GRANULE/L2A_T17RNK_A020929_20190625T160516/IMG_DATA/R10m/T17RNK_20190625T160521_TCI_10m.tif
2a3bf39d3550b8398257f35d4f6cf55b,S2B_MSIL2A_20190623T155829_R097_T17RML_20201006T053546,0.011273404568179591,144763.0,9,https://sentinel2l2a01.blob.core.windows.net/sentinel2-l2/17/R/ML/2019/06/23/S2B_MSIL2A_20190623T155829_N0212_R097_T17RML_20201006T053546.SAFE/GRANULE/L2A_T17RML_A011992_20190623T161512/IMG_DATA/R10m/T17RML_20190623T155829_TCI_10m.tif
2b541600ea6b61cc50e6e2138154f6cc,S2A_MSIL2A_20190625T160521_R054_T17RMK_20201006T061035,0.0,136603.0,9,https://sentinel2l2a01.blob.core.windows.net/sentinel2-l2/17/R/MK/2019/06/25/S2A_MSIL2A_20190625T160521_N0212_R054_T17RMK_20201006T061035.SAFE/GRANULE/L2A_T17RMK_A020929_20190625T160516/IMG_DATA/R10m/T17RMK_20190625T160521_TCI_10m.tif
2cd42ecaba2ad24d559e3292a2ecf42a,S2B_MSIL2A_20190703T155829_R097_T17RMN_20201005T085416,9.770713913496613e-05,121696.0,9,https://sentinel2l2a01.blob.core.windows.net/sentinel2-l2/17/R/MN/2019/07/03/S2B_MSIL2A_20190703T155829_N0212_R097_T17RMN_20201005T085416.SAFE/GRANULE/L2A_T17RMN_A012135_20190703T160727/IMG_DATA/R10m/T17RMN_20190703T155829_TCI_10m.tif
2efcd42ac7ec750ded8f6875eb6dc545,S2B_MSIL2A_20190630T160519_R054_T17RNM_20201006T082720,0.04616222370733398,82035.0,12,https://sentinel2l2a01.blob.core.windows.net/sentinel2-l2/17/R/NM/2019/06/30/S2B_MSIL2A_20190630T160519_N0212_R054_T17RNM_20201006T082720.SAFE/GRANULE/L2A_T17RNM_A012092_20190630T160520/IMG_DATA/R10m/T17RNM_20190630T160519_TCI_10m.tif
2f15e8c07bd0ecbcc1d9a6de31a022e9,S2B_MSIL2A_20190603T155829_R097_T17RLN_20201005T214550,2.4266543716178503e-05,131201.0,29,https://sentinel2l2a01.blob.core.windows.net/sentinel2-l2/17/R/LN/2019/06/03/S2B_MSIL2A_20190603T155829_N0212_R097_T17RLN_20201005T214550.SAFE/GRANULE/L2A_T17RLN_A011706_20190603T161410/IMG_DATA/R10m/T17RLN_20190603T155829_TCI_10m.tif
303b7edbf0601a9705f9d01f1f0e860e,S2B_MSIL2A_20190703T155829_R097_T17RMM_20201005T085417,0.0,162409.0,1,https://sentinel2l2a01.blob.core.windows.net/sentinel2-l2/17/R/MM/2019/07/03/S2B_MSIL2A_20190703T155829_N0212_R097_T17RMM_20201005T085417.SAFE/GRANULE/L2A_T17RMM_A012135_20190703T160727/IMG_DATA/R10m/T17RMM_20190703T155829_TCI_10m.tif
327874d7052b3a2076931d4e87226411,S2B_MSIL2A_20190703T155829_R097_T17RMM_20201005T085417,0.0,162409.0,9,https://sentinel2l2a01.blob.core.windows.net/sentinel2-l2/17/R/MM/2019/07/03/S2B_MSIL2A_20190703T155829_N0212_R097_T17RMM_20201005T085417.SAFE/GRANULE/L2A_T17RMM_A012135_20190703T160727/IMG_DATA/R10m/T17RMM_20190703T155829_TCI_10m.tif
32fcd582a3078053f1b0aa7e9ff55e72,S2B_MSIL2A_20190623T155829_R097_T17RMM_20201006T053622,0.00965712334780276,74351.0,9,https://sentinel2l2a01.blob.core.windows.net/sentinel2-l2/17/R/MM/2019/06/23/S2B_MSIL2A_20190623T155829_N0212_R097_T17RMM_20201006T053622.SAFE/GRANULE/L2A_T17RMM_A011992_20190623T161512/IMG_DATA/R10m/T17RMM_20190623T155829_TCI_10m.tif
337fa3be97fbec3d124d0534e974bf88,S2B_MSIL2A_20190623T155829_R097_T17RMM_20201006T053622,0.0452406626801294,80078.0,9,https://sentinel2l2a01.blob.core.windows.net/sentinel2-l2/17/R/MM/2019/06/23/S2B_MSIL2A_20190623T155829_N0212_R097_T17RMM_20201006T053622.SAFE/GRANULE/L2A_T17RMM_A011992_20190623T161512/IMG_DATA/R10m/T17RMM_20190623T155829_TCI_10m.tif
33f03126b5876cb4639f7e4c131daf17,S2B_MSIL2A_20190623T155829_R097_T17RMM_20201006T053622,0.004582884030977355,51748.0,10,https://sentinel2l2a01.blob.core.windows.net/sentinel2-l2/17/R/MM/2019/06/23/S2B_MSIL2A_20190623T155829_N0212_R097_T17RMM_20201006T053622.SAFE/GRANULE/L2A_T17RMM_A011992_20190623T161512/IMG_DATA/R10m/T17RMM_20190623T155829_TCI_10m.tif
33f5d389bc00217b1d8eff1bed640ed1,S2A_MSIL2A_20190625T160521_R054_T17RNK_20201006T061046,0.0010098024727845918,117065.0,9,https://sentinel2l2a01.blob.core.windows.net/sentinel2-l2/17/R/NK/2019/06/25/S2A_MSIL2A_20190625T160521_N0212_R054_T17RNK_20201006T061046.SAFE/GRANULE/L2A_T17RNK_A020929_20190625T160516/IMG_DATA/R10m/T17RNK_20190625T160521_TCI_10m.tif
340e926983cc09d66de3e6696a8c26bb,S2A_MSIL2A_20190625T160521_R054_T17RMK_20201006T061035,0.0,136603.0,8,https://sentinel2l2a01.blob.core.windows.net/sentinel2-l2/17/R/MK/2019/06/25/S2A_MSIL2A_20190625T160521_N0212_R054_T17RMK_20201006T061035.SAFE/GRANULE/L2A_T17RMK_A020929_20190625T160516/IMG_DATA/R10m/T17RMK_20190625T160521_TCI_10m.tif
3451410b1ff5bff13fc73ab8603bce5b,S2B_MSIL2A_20190703T155829_R097_T17RMM_20201005T085417,0.013143239028736913,85405.0,5,https://sentinel2l2a01.blob.core.windows.net/sentinel2-l2/17/R/MM/2019/07/03/S2B_MSIL2A_20190703T155829_N0212_R097_T17RMM_20201005T085417.SAFE/GRANULE/L2A_T17RMM_A012135_20190703T160727/IMG_DATA/R10m/T17RMM_20190703T155829_TCI_10m.tif
3569c07f337ce8064ed2b618ef65810c,S2B_MSIL2A_20190703T155829_R097_T17RMM_20201005T085417,0.02911479266738555,85697.0,2,https://sentinel2l2a01.blob.core.windows.net/sentinel2-l2/17/R/MM/2019/07/03/S2B_MSIL2A_20190703T155829_N0212_R097_T17RMM_20201005T085417.SAFE/GRANULE/L2A_T17RMM_A012135_20190703T160727/IMG_DATA/R10m/T17RMM_20190703T155829_TCI_10m.tif
37a9b3e82ab886f3eea877bddb304bb8,S2A_MSIL2A_20190618T155911_R097_T17RMN_20201006T034135,0.036525294320476825,29289.0,15,https://sentinel2l2a01.blob.core.windows.net/sentinel2-l2/17/R/MN/2019/06/18/S2A_MSIL2A_20190618T155911_N0212_R097_T17RMN_20201006T034135.SAFE/GRANULE/L2A_T17RMN_A020829_20190618T160519/IMG_DATA/R10m/T17RMN_20190618T155911_TCI_10m.tif
383a639c34ba2f5c0f0a09ff573629af,S2A_MSIL2A_20190625T160521_R054_T17RNL_20201006T061044,0.0,161202.0,20,https://sentinel2l2a01.blob.core.windows.net/sentinel2-l2/17/R/NL/2019/06/25/S2A_MSIL2A_20190625T160521_N0212_R054_T17RNL_20201006T061044.SAFE/GRANULE/L2A_T17RNL_A020929_20190625T160516/IMG_DATA/R10m/T17RNL_20190625T160521_TCI_10m.tif
38f95da0ec9331e4c2eacc2704e53a75,S2B_MSIL2A_20190623T155829_R097_T17RMM_20201006T053622,0.008687422650391905,69054.0,11,https://sentinel2l2a01.blob.core.windows.net/sentinel2-l2/17/R/MM/2019/06/23/S2B_MSIL2A_20190623T155829_N0212_R097_T17RMM_20201006T053622.SAFE/GRANULE/L2A_T17RMM_A011992_20190623T161512/IMG_DATA/R10m/T17RMM_20190623T155829_TCI_10m.tif
397219af91ca7dc8a840ce6cf3cbd34e,S2B_MSIL2A_20190703T155829_R097_T17RMM_20201005T085417,0.0017400254876972845,107434.0,9,https://sentinel2l2a01.blob.core.windows.net/sentinel2-l2/17/R/MM/2019/07/03/S2B_MSIL2A_20190703T155829_N0212_R097_T17RMM_20201005T085417.SAFE/GRANULE/L2A_T17RMM_A012135_20190703T160727/IMG_DATA/R10m/T17RMM_20190703T155829_TCI_10m.tif
39b7575652f8e46f8e552622d2418973,S2B_MSIL2A_20190630T160519_R054_T17RNM_20201006T082720,0.04616222370733398,82035.0,5,https://sentinel2l2a01.blob.core.windows.net/sentinel2-l2/17/R/NM/2019/06/30/S2B_MSIL2A_20190630T160519_N0212_R054_T17RNM_20201006T082720.SAFE/GRANULE/L2A_T17RNM_A012092_20190630T160520/IMG_DATA/R10m/T17RNM_20190630T160519_TCI_10m.tif
39d242f378c6fd4db77357fc81191ebc,S2B_MSIL2A_20190623T155829_R097_T17RMM_20201006T053622,0.01021958631506715,40360.0,13,https://sentinel2l2a01.blob.core.windows.net/sentinel2-l2/17/R/MM/2019/06/23/S2B_MSIL2A_20190623T155829_N0212_R097_T17RMM_20201006T053622.SAFE/GRANULE/L2A_T17RMM_A011992_20190623T161512/IMG_DATA/R10m/T17RMM_20190623T155829_TCI_10m.tif
3a94e80dd2d103c5d6d0e4db3c93afc1,S2B_MSIL2A_20190703T155829_R097_T17RML_20201005T085415,0.00941084207430644,145052.0,12,https://sentinel2l2a01.blob.core.windows.net/sentinel2-l2/17/R/ML/2019/07/03/S2B_MSIL2A_20190703T155829_N0212_R097_T17RML_20201005T085415.SAFE/GRANULE/L2A_T17RML_A012135_20190703T160727/IMG_DATA/R10m/T17RML_20190703T155829_TCI_10m.tif
3b4569e79a9b51db88282340b41df8b6,S2A_MSIL2A_20190625T160521_R054_T17RNK_20201006T061046,2.475186257765897e-05,160739.0,17,https://sentinel2l2a01.blob.core.windows.net/sentinel2-l2/17/R/NK/2019/06/25/S2A_MSIL2A_20190625T160521_N0212_R054_T17RNK_20201006T061046.SAFE/GRANULE/L2A_T17RNK_A020929_20190625T160516/IMG_DATA/R10m/T17RNK_20190625T160521_TCI_10m.tif
3db332bf334c9e468e4c41face8946ee,S2B_MSIL2A_20190703T155829_R097_T17RMN_20201005T085416,0.0003185962160572493,148022.0,1,https://sentinel2l2a01.blob.core.windows.net/sentinel2-l2/17/R/MN/2019/07/03/S2B_MSIL2A_20190703T155829_N0212_R097_T17RMN_20201005T085416.SAFE/GRANULE/L2A_T17RMN_A012135_20190703T160727/IMG_DATA/R10m/T17RMN_20190703T155829_TCI_10m.tif
3dd8d7fdd1b740780155e60ade91035e,S2B_MSIL2A_20190703T155829_R097_T17RMM_20201005T085417,0.0,162409.0,9,https://sentinel2l2a01.blob.core.windows.net/sentinel2-l2/17/R/MM/2019/07/03/S2B_MSIL2A_20190703T155829_N0212_R097_T17RMM_20201005T085417.SAFE/GRANULE/L2A_T17RMM_A012135_20190703T160727/IMG_DATA/R10m/T17RMM_20190703T155829_TCI_10m.tif
3e26134abba66cf0340c26cd4a41cdea,S2B_MSIL2A_20190703T155829_R097_T17RMN_20201005T085416,0.015537692383099697,15695.0,9,https://sentinel2l2a01.blob.core.windows.net/sentinel2-l2/17/R/MN/2019/07/03/S2B_MSIL2A_20190703T155829_N0212_R097_T17RMN_20201005T085416.SAFE/GRANULE/L2A_T17RMN_A012135_20190703T160727/IMG_DATA/R10m/T17RMN_20190703T155829_TCI_10m.tif
3f35203e63b71db5f572d39caf2d5634,S2A_MSIL2A_20190625T160521_R054_T17RNL_20201006T061044,0.003391005173139279,146461.0,13,https://sentinel2l2a01.blob.core.windows.net/sentinel2-l2/17/R/NL/2019/06/25/S2A_MSIL2A_20190625T160521_N0212_R054_T17RNL_20201006T061044.SAFE/GRANULE/L2A_T17RNL_A020929_20190625T160516/IMG_DATA/R10m/T17RNL_20190625T160521_TCI_10m.tif
4048ea70f16f16df82286ebe70b183d5,S2B_MSIL2A_20190623T155829_R097_T17RMM_20201006T053622,0.008136457210077443,63556.0,11,https://sentinel2l2a01.blob.core.windows.net/sentinel2-l2/17/R/MM/2019/06/23/S2B_MSIL2A_20190623T155829_N0212_R097_T17RMM_20201006T053622.SAFE/GRANULE/L2A_T17RMM_A011992_20190623T161512/IMG_DATA/R10m/T17RMM_20190623T155829_TCI_10m.tif
40cc895446289c19734e9c97e564c8b8,S2B_MSIL2A_20190703T155829_R097_T17RMN_20201005T085416,0.0021106588270767375,79019.0,0,https://sentinel2l2a01.blob.core.windows.net/sentinel2-l2/17/R/MN/2019/07/03/S2B_MSIL2A_20190703T155829_N0212_R097_T17RMN_20201005T085416.SAFE/GRANULE/L2A_T17RMN_A012135_20190703T160727/IMG_DATA/R10m/T17RMN_20190703T155829_TCI_10m.tif
415b6e58e2c95308731c9e7e8219202a,S2B_MSIL2A_20190703T155829_R097_T17RML_20201005T085415,0.00941084207430644,145052.0,9,https://sentinel2l2a01.blob.core.windows.net/sentinel2-l2/17/R/ML/2019/07/03/S2B_MSIL2A_20190703T155829_N0212_R097_T17RML_20201005T085415.SAFE/GRANULE/L2A_T17RML_A012135_20190703T160727/IMG_DATA/R10m/T17RML_20190703T155829_TCI_10m.tif
475a67387c6d566c8fe12fdc29862dd5,S2A_MSIL2A_20190625T160521_R054_T17RNK_20201006T061046,0.0,161202.0,8,https://sentinel2l2a01.blob.core.windows.net/sentinel2-l2/17/R/NK/2019/06/25/S2A_MSIL2A_20190625T160521_N0212_R054_T17RNK_20201006T061046.SAFE/GRANULE/L2A_T17RNK_A020929_20190625T160516/IMG_DATA/R10m/T17RNK_20190625T160521_TCI_10m.tif
47d41444ca54bb961d005bb778268b4d,S2B_MSIL2A_20190623T155829_R097_T17RMM_20201006T053622,0.00965712334780276,74351.0,13,https://sentinel2l2a01.blob.core.windows.net/sentinel2-l2/17/R/MM/2019/06/23/S2B_MSIL2A_20190623T155829_N0212_R097_T17RMM_20201006T053622.SAFE/GRANULE/L2A_T17RMM_A011992_20190623T161512/IMG_DATA/R10m/T17RMM_20190623T155829_TCI_10m.tif
487d720248ed1a0375419d4a4d41cd7f,S2B_MSIL2A_20190703T155829_R097_T17RML_20201005T085415,0.00941084207430644,145052.0,0,https://sentinel2l2a01.blob.core.windows.net/sentinel2-l2/17/R/ML/2019/07/03/S2B_MSIL2A_20190703T155829_N0212_R097_T17RML_20201005T085415.SAFE/GRANULE/L2A_T17RML_A012135_20190703T160727/IMG_DATA/R10m/T17RML_20190703T155829_TCI_10m.tif
4abb2e1d70eb2cb60a5e6d4caa287a03,S2B_MSIL2A_20190703T155829_R097_T17RML_20201005T085415,0.042325685007796834,141321.0,12,https://sentinel2l2a01.blob.core.windows.net/sentinel2-l2/17/R/ML/2019/07/03/S2B_MSIL2A_20190703T155829_N0212_R097_T17RML_20201005T085415.SAFE/GRANULE/L2A_T17RML_A012135_20190703T160727/IMG_DATA/R10m/T17RML_20190703T155829_TCI_10m.tif
4adb090d478d41071c4dceda9b3136ae,S2B_MSIL2A_20190623T155829_R097_T17RMM_20201006T053622,0.008687422650391905,69054.0,14,https://sentinel2l2a01.blob.core.windows.net/sentinel2-l2/17/R/MM/2019/06/23/S2B_MSIL2A_20190623T155829_N0212_R097_T17RMM_20201006T053622.SAFE/GRANULE/L2A_T17RMM_A011992_20190623T161512/IMG_DATA/R10m/T17RMM_20190623T155829_TCI_10m.tif
4b2a21c19c15e4649798af5e0359bef0,S2B_MSIL2A_20190623T155829_R097_T17RMM_20201006T053622,0.008136457210077443,63556.0,9,https://sentinel2l2a01.blob.core.windows.net/sentinel2-l2/17/R/MM/2019/06/23/S2B_MSIL2A_20190623T155829_N0212_R097_T17RMM_20201006T053622.SAFE/GRANULE/L2A_T17RMM_A011992_20190623T161512/IMG_DATA/R10m/T17RMM_20190623T155829_TCI_10m.tif
4c4c9709576dea74dbdd2fdfc6bf0639,S2B_MSIL2A_20190703T155829_R097_T17RMM_20201005T085417,0.04889226546417018,98136.0,0,https://sentinel2l2a01.blob.core.windows.net/sentinel2-l2/17/R/MM/2019/07/03/S2B_MSIL2A_20190703T155829_N0212_R097_T17RMM_20201005T085417.SAFE/GRANULE/L2A_T17RMM_A012135_20190703T160727/IMG_DATA/R10m/T17RMM_20190703T155829_TCI_10m.tif
4ce1fe4c4b451380316877407852c1a7,S2B_MSIL2A_20190623T155829_R097_T17RML_20201006T053546,0.008440385138981708,135254.0,22,https://sentinel2l2a01.blob.core.windows.net/sentinel2-l2/17/R/ML/2019/06/23/S2B_MSIL2A_20190623T155829_N0212_R097_T17RML_20201006T053546.SAFE/GRANULE/L2A_T17RML_A011992_20190623T161512/IMG_DATA/R10m/T17RML_20190623T155829_TCI_10m.tif
4da6e4cb9ab37133a40f8d59f75548b1,S2A_MSIL2A_20190625T160521_R054_T17RNL_20201006T061044,0.0,161202.0,19,https://sentinel2l2a01.blob.core.windows.net/sentinel2-l2/17/R/NL/2019/06/25/S2A_MSIL2A_20190625T160521_N0212_R054_T17RNL_20201006T061044.SAFE/GRANULE/L2A_T17RNL_A020929_20190625T160516/IMG_DATA/R10m/T17RNL_20190625T160521_TCI_10m.tif
4dbb3898d98f7bdd566ad08e4fe22d15,S2B_MSIL2A_20190703T155829_R097_T17RML_20201005T085415,0.00941084207430644,145052.0,1,https://sentinel2l2a01.blob.core.windows.net/sentinel2-l2/17/R/ML/2019/07/03/S2B_MSIL2A_20190703T155829_N0212_R097_T17RML_20201005T085415.SAFE/GRANULE/L2A_T17RML_A012135_20190703T160727/IMG_DATA/R10m/T17RML_20190703T155829_TCI_10m.tif
4eb6d36ecf356657cf19a0f0a772af5c,S2B_MSIL2A_20190703T155829_R097_T17RMM_20201005T085417,0.013143239028736913,85405.0,0,https://sentinel2l2a01.blob.core.windows.net/sentinel2-l2/17/R/MM/2019/07/03/S2B_MSIL2A_20190703T155829_N0212_R097_T17RMM_20201005T085417.SAFE/GRANULE/L2A_T17RMM_A012135_20190703T160727/IMG_DATA/R10m/T17RMM_20190703T155829_TCI_10m.tif
4eb7330d3b4d922595f522ca4fec024a,S2B_MSIL2A_20190623T155829_R097_T17RMM_20201006T053622,0.006666013135967062,30476.0,10,https://sentinel2l2a01.blob.core.windows.net/sentinel2-l2/17/R/MM/2019/06/23/S2B_MSIL2A_20190623T155829_N0212_R097_T17RMM_20201006T053622.SAFE/GRANULE/L2A_T17RMM_A011992_20190623T161512/IMG_DATA/R10m/T17RMM_20190623T155829_TCI_10m.tif
4fcd053e295b3f0f7241fbe62e886067,S2B_MSIL2A_20190623T155829_R097_T17RLM_20201006T053504,0.023611347035841685,31848.0,9,https://sentinel2l2a01.blob.core.windows.net/sentinel2-l2/17/R/LM/2019/06/23/S2B_MSIL2A_20190623T155829_N0212_R097_T17RLM_20201006T053504.SAFE/GRANULE/L2A_T17RLM_A011992_20190623T161512/IMG_DATA/R10m/T17RLM_20190623T155829_TCI_10m.tif
50924d072b871603a30643a653783b45,S2B_MSIL2A_20190703T155829_R097_T17RML_20201005T085415,0.00941084207430644,145052.0,8,https://sentinel2l2a01.blob.core.windows.net/sentinel2-l2/17/R/ML/2019/07/03/S2B_MSIL2A_20190703T155829_N0212_R097_T17RML_20201005T085415.SAFE/GRANULE/L2A_T17RML_A012135_20190703T160727/IMG_DATA/R10m/T17RML_20190703T155829_TCI_10m.tif
50c4682c7ea2f9cde2da143359af842b,S2B_MSIL2A_20190623T155829_R097_T17RMM_20201006T053622,0.011714537790412705,32825.0,11,https://sentinel2l2a01.blob.core.windows.net/sentinel2-l2/17/R/MM/2019/06/23/S2B_MSIL2A_20190623T155829_N0212_R097_T17RMM_20201006T053622.SAFE/GRANULE/L2A_T17RMM_A011992_20190623T161512/IMG_DATA/R10m/T17RMM_20190623T155829_TCI_10m.tif
532e12bf1f887dfc4ce183435aaf7d75,S2B_MSIL2A_20190623T155829_R097_T17RML_20201006T053546,0.008440385138981708,135254.0,11,https://sentinel2l2a01.blob.core.windows.net/sentinel2-l2/17/R/ML/2019/06/23/S2B_MSIL2A_20190623T155829_N0212_R097_T17RML_20201006T053546.SAFE/GRANULE/L2A_T17RML_A011992_20190623T161512/IMG_DATA/R10m/T17RML_20190623T155829_TCI_10m.tif
539603a47ec32d897ec80de4fc744174,S2B_MSIL2A_20190623T155829_R097_T17RMM_20201006T053622,0.00965712334780276,74351.0,15,https://sentinel2l2a01.blob.core.windows.net/sentinel2-l2/17/R/MM/2019/06/23/S2B_MSIL2A_20190623T155829_N0212_R097_T17RMM_20201006T053622.SAFE/GRANULE/L2A_T17RMM_A011992_20190623T161512/IMG_DATA/R10m/T17RMM_20190623T155829_TCI_10m.tif
53d8c4e7ffb1b36bdb9f1b6a8f7588d3,S2A_MSIL2A_20190625T160521_R054_T17RNK_20201006T061046,0.0,161202.0,19,https://sentinel2l2a01.blob.core.windows.net/sentinel2-l2/17/R/NK/2019/06/25/S2A_MSIL2A_20190625T160521_N0212_R054_T17RNK_20201006T061046.SAFE/GRANULE/L2A_T17RNK_A020929_20190625T160516/IMG_DATA/R10m/T17RNK_20190625T160521_TCI_10m.tif
54738b17abe3e9cdd3726703e2e3a0c3,S2B_MSIL2A_20190623T155829_R097_T17RMM_20201006T053622,0.007915890598960886,46794.0,11,https://sentinel2l2a01.blob.core.windows.net/sentinel2-l2/17/R/MM/2019/06/23/S2B_MSIL2A_20190623T155829_N0212_R097_T17RMM_20201006T053622.SAFE/GRANULE/L2A_T17RMM_A011992_20190623T161512/IMG_DATA/R10m/T17RMM_20190623T155829_TCI_10m.tif
5843db24fce058534acf3f2cf3421af8,S2B_MSIL2A_20190623T155829_R097_T17RMM_20201006T053622,0.00965712334780276,74351.0,10,https://sentinel2l2a01.blob.core.windows.net/sentinel2-l2/17/R/MM/2019/06/23/S2B_MSIL2A_20190623T155829_N0212_R097_T17RMM_20201006T053622.SAFE/GRANULE/L2A_T17RMM_A011992_20190623T161512/IMG_DATA/R10m/T17RMM_20190623T155829_TCI_10m.tif
59673e97ef86c87f90df109af4a8a091,S2B_MSIL2A_20190623T155829_R097_T17RLM_20201006T053504,0.023611347035841685,31848.0,11,https://sentinel2l2a01.blob.core.windows.net/sentinel2-l2/17/R/LM/2019/06/23/S2B_MSIL2A_20190623T155829_N0212_R097_T17RLM_20201006T053504.SAFE/GRANULE/L2A_T17RLM_A011992_20190623T161512/IMG_DATA/R10m/T17RLM_20190623T155829_TCI_10m.tif
5abb65ef360762331316fca4fce63b27,S2A_MSIL2A_20190625T160521_R054_T17RNK_20201006T061046,0.0,161604.0,8,https://sentinel2l2a01.blob.core.windows.net/sentinel2-l2/17/R/NK/2019/06/25/S2A_MSIL2A_20190625T160521_N0212_R054_T17RNK_20201006T061046.SAFE/GRANULE/L2A_T17RNK_A020929_20190625T160516/IMG_DATA/R10m/T17RNK_20190625T160521_TCI_10m.tif
5b295b01d90b3102ee1f807f59dee627,S2B_MSIL2A_20190630T160519_R054_T17RNM_20201006T082720,0.04616222370733398,82035.0,11,https://sentinel2l2a01.blob.core.windows.net/sentinel2-l2/17/R/NM/2019/06/30/S2B_MSIL2A_20190630T160519_N0212_R054_T17RNM_20201006T082720.SAFE/GRANULE/L2A_T17RNM_A012092_20190630T160520/IMG_DATA/R10m/T17RNM_20190630T160519_TCI_10m.tif
5c81c08b62ba319597526539c485525a,S2B_MSIL2A_20190623T155829_R097_T17RMM_20201006T053622,0.006666013135967062,30476.0,11,https://sentinel2l2a01.blob.core.windows.net/sentinel2-l2/17/R/MM/2019/06/23/S2B_MSIL2A_20190623T155829_N0212_R097_T17RMM_20201006T053622.SAFE/GRANULE/L2A_T17RMM_A011992_20190623T161512/IMG_DATA/R10m/T17RMM_20190623T155829_TCI_10m.tif
5cf97928c5f05a628ceb0d905fe3f857,S2A_MSIL2A_20190625T160521_R054_T17RNL_20201006T061044,0.003391005173139279,146461.0,9,https://sentinel2l2a01.blob.core.windows.net/sentinel2-l2/17/R/NL/2019/06/25/S2A_MSIL2A_20190625T160521_N0212_R054_T17RNL_20201006T061044.SAFE/GRANULE/L2A_T17RNL_A020929_20190625T160516/IMG_DATA/R10m/T17RNL_20190625T160521_TCI_10m.tif
5d8897e5962473d5f630b2a69084687d,S2B_MSIL2A_20190703T155829_R097_T17RMN_20201005T085416,0.0065021427515885915,80195.0,9,https://sentinel2l2a01.blob.core.windows.net/sentinel2-l2/17/R/MN/2019/07/03/S2B_MSIL2A_20190703T155829_N0212_R097_T17RMN_20201005T085416.SAFE/GRANULE/L2A_T17RMN_A012135_20190703T160727/IMG_DATA/R10m/T17RMN_20190703T155829_TCI_10m.tif
5e2b7ba2136d79431c2244a10a299a8c,S2B_MSIL2A_20190703T155829_R097_T17RMM_20201005T085417,0.02911479266738555,85697.0,9,https://sentinel2l2a01.blob.core.windows.net/sentinel2-l2/17/R/MM/2019/07/03/S2B_MSIL2A_20190703T155829_N0212_R097_T17RMM_20201005T085417.SAFE/GRANULE/L2A_T17RMM_A012135_20190703T160727/IMG_DATA/R10m/T17RMM_20190703T155829_TCI_10m.tif
621f3b3b2d709d38c91b37fe3d6b3a06,S2B_MSIL2A_20190623T155829_R097_T17RMM_20201006T053622,0.008687422650391905,69054.0,22,https://sentinel2l2a01.blob.core.windows.net/sentinel2-l2/17/R/MM/2019/06/23/S2B_MSIL2A_20190623T155829_N0212_R097_T17RMM_20201006T053622.SAFE/GRANULE/L2A_T17RMM_A011992_20190623T161512/IMG_DATA/R10m/T17RMM_20190623T155829_TCI_10m.tif
626c6278c11065a77c7b8c67ca853bbe,S2B_MSIL2A_20190703T155829_R097_T17RMM_20201005T085417,0.02911479266738555,85697.0,4,https://sentinel2l2a01.blob.core.windows.net/sentinel2-l2/17/R/MM/2019/07/03/S2B_MSIL2A_20190703T155829_N0212_R097_T17RMM_20201005T085417.SAFE/GRANULE/L2A_T17RMM_A012135_20190703T160727/IMG_DATA/R10m/T17RMM_20190703T155829_TCI_10m.tif
630c53f8d8e99ee2c3505abe4d959d04,S2A_MSIL2A_20190625T160521_R054_T17RNK_20201006T061046,0.0,161604.0,8,https://sentinel2l2a01.blob.core.windows.net/sentinel2-l2/17/R/NK/2019/06/25/S2A_MSIL2A_20190625T160521_N0212_R054_T17RNK_20201006T061046.SAFE/GRANULE/L2A_T17RNK_A020929_20190625T160516/IMG_DATA/R10m/T17RNK_20190625T160521_TCI_10m.tif
63c694c635b18bbae5e2e9dc32818443,S2B_MSIL2A_20190703T155829_R097_T17RMM_20201005T085417,0.0,162409.0,4,https://sentinel2l2a01.blob.core.windows.net/sentinel2-l2/17/R/MM/2019/07/03/S2B_MSIL2A_20190703T155829_N0212_R097_T17RMM_20201005T085417.SAFE/GRANULE/L2A_T17RMM_A012135_20190703T160727/IMG_DATA/R10m/T17RMM_20190703T155829_TCI_10m.tif
678764e2d77366bbddc3e143c524a080,S2B_MSIL2A_20190703T155829_R097_T17RMM_20201005T085417,0.011163090022524195,153898.0,0,https://sentinel2l2a01.blob.core.windows.net/sentinel2-l2/17/R/MM/2019/07/03/S2B_MSIL2A_20190703T155829_N0212_R097_T17RMM_20201005T085417.SAFE/GRANULE/L2A_T17RMM_A012135_20190703T160727/IMG_DATA/R10m/T17RMM_20190703T155829_TCI_10m.tif
696b62d6f874d552698b544c147d8fdc,S2B_MSIL2A_20190703T155829_R097_T17RMM_20201005T085417,0.0316145475933732,90938.0,9,https://sentinel2l2a01.blob.core.windows.net/sentinel2-l2/17/R/MM/2019/07/03/S2B_MSIL2A_20190703T155829_N0212_R097_T17RMM_20201005T085417.SAFE/GRANULE/L2A_T17RMM_A012135_20190703T160727/IMG_DATA/R10m/T17RMM_20190703T155829_TCI_10m.tif
6a03f11f84e9e7dfc07545a59b02b589,S2B_MSIL2A_20190623T155829_R097_T17RMM_20201006T053622,0.00965712334780276,74351.0,14,https://sentinel2l2a01.blob.core.windows.net/sentinel2-l2/17/R/MM/2019/06/23/S2B_MSIL2A_20190623T155829_N0212_R097_T17RMM_20201006T053622.SAFE/GRANULE/L2A_T17RMM_A011992_20190623T161512/IMG_DATA/R10m/T17RMM_20190623T155829_TCI_10m.tif
6a3ca4c98415486311785edbdc64da2c,S2A_MSIL2A_20190625T160521_R054_T17RNL_20201006T061044,0.0,161202.0,17,https://sentinel2l2a01.blob.core.windows.net/sentinel2-l2/17/R/NL/2019/06/25/S2A_MSIL2A_20190625T160521_N0212_R054_T17RNL_20201006T061044.SAFE/GRANULE/L2A_T17RNL_A020929_20190625T160516/IMG_DATA/R10m/T17RNL_20190625T160521_TCI_10m.tif
6b3ad8bde336de0f107e5c5e8b4b3c15,S2A_MSIL2A_20190625T160521_R054_T17RNL_20201006T061044,0.0,161202.0,8,https://sentinel2l2a01.blob.core.windows.net/sentinel2-l2/17/R/NL/2019/06/25/S2A_MSIL2A_20190625T160521_N0212_R054_T17RNL_20201006T061044.SAFE/GRANULE/L2A_T17RNL_A020929_20190625T160516/IMG_DATA/R10m/T17RNL_20190625T160521_TCI_10m.tif
6dccca54bbdb77707f9f79bd8be45bfc,S2B_MSIL2A_20190703T155829_R097_T17RMM_20201005T085417,0.0,162409.0,12,https://sentinel2l2a01.blob.core.windows.net/sentinel2-l2/17/R/MM/2019/07/03/S2B_MSIL2A_20190703T155829_N0212_R097_T17RMM_20201005T085417.SAFE/GRANULE/L2A_T17RMM_A012135_20190703T160727/IMG_DATA/R10m/T17RMM_20190703T155829_TCI_10m.tif
700b6c921ee59a48db838cd9cd2607a4,S2A_MSIL2A_20190625T160521_R054_T17RNK_20201006T061046,0.0,161202.0,8,https://sentinel2l2a01.blob.core.windows.net/sentinel2-l2/17/R/NK/2019/06/25/S2A_MSIL2A_20190625T160521_N0212_R054_T17RNK_20201006T061046.SAFE/GRANULE/L2A_T17RNK_A020929_20190625T160516/IMG_DATA/R10m/T17RNK_20190625T160521_TCI_10m.tif
73815c0d3d1ca9194ef275643e62b9d1,S2A_MSIL2A_20190625T160521_R054_T17RNK_20201006T061046,0.0,160801.0,20,https://sentinel2l2a01.blob.core.windows.net/sentinel2-l2/17/R/NK/2019/06/25/S2A_MSIL2A_20190625T160521_N0212_R054_T17RNK_20201006T061046.SAFE/GRANULE/L2A_T17RNK_A020929_20190625T160516/IMG_DATA/R10m/T17RNK_20190625T160521_TCI_10m.tif
73c0b39d75d0da8352fa9c042c39945b,S2B_MSIL2A_20190703T155829_R097_T17RMN_20201005T085416,0.0065021427515885915,80195.0,0,https://sentinel2l2a01.blob.core.windows.net/sentinel2-l2/17/R/MN/2019/07/03/S2B_MSIL2A_20190703T155829_N0212_R097_T17RMN_20201005T085416.SAFE/GRANULE/L2A_T17RMN_A012135_20190703T160727/IMG_DATA/R10m/T17RMN_20190703T155829_TCI_10m.tif
76bfd9833a9df4a6698ec54b30ff58fd,S2B_MSIL2A_20190703T155829_R097_T17RMN_20201005T085416,0.015537692383099697,15695.0,1,https://sentinel2l2a01.blob.core.windows.net/sentinel2-l2/17/R/MN/2019/07/03/S2B_MSIL2A_20190703T155829_N0212_R097_T17RMN_20201005T085416.SAFE/GRANULE/L2A_T17RMN_A012135_20190703T160727/IMG_DATA/R10m/T17RMN_20190703T155829_TCI_10m.tif
781ced9151f78e1cc6cd78bf9809d208,S2A_MSIL2A_20190625T160521_R054_T17RNK_20201006T061046,0.0,160801.0,9,https://sentinel2l2a01.blob.core.windows.net/sentinel2-l2/17/R/NK/2019/06/25/S2A_MSIL2A_20190625T160521_N0212_R054_T17RNK_20201006T061046.SAFE/GRANULE/L2A_T17RNK_A020929_20190625T160516/IMG_DATA/R10m/T17RNK_20190625T160521_TCI_10m.tif
7869a552571ff624bd4a39430948c157,S2B_MSIL2A_20190703T155829_R097_T17RMM_20201005T085417,0.013143239028736913,85405.0,9,https://sentinel2l2a01.blob.core.windows.net/sentinel2-l2/17/R/MM/2019/07/03/S2B_MSIL2A_20190703T155829_N0212_R097_T17RMM_20201005T085417.SAFE/GRANULE/L2A_T17RMM_A012135_20190703T160727/IMG_DATA/R10m/T17RMM_20190703T155829_TCI_10m.tif
794c03247e58177f3173fe88a436a676,S2B_MSIL2A_20190703T155829_R097_T17RMN_20201005T085416,0.0065021427515885915,80195.0,5,https://sentinel2l2a01.blob.core.windows.net/sentinel2-l2/17/R/MN/2019/07/03/S2B_MSIL2A_20190703T155829_N0212_R097_T17RMN_20201005T085416.SAFE/GRANULE/L2A_T17RMN_A012135_20190703T160727/IMG_DATA/R10m/T17RMN_20190703T155829_TCI_10m.tif
795be074415f23cbd3c47d547f4d41ce,S2B_MSIL2A_20190630T160519_R054_T17RNM_20201006T082720,0.04616222370733398,82035.0,4,https://sentinel2l2a01.blob.core.windows.net/sentinel2-l2/17/R/NM/2019/06/30/S2B_MSIL2A_20190630T160519_N0212_R054_T17RNM_20201006T082720.SAFE/GRANULE/L2A_T17RNM_A012092_20190630T160520/IMG_DATA/R10m/T17RNM_20190630T160519_TCI_10m.tif
7bf5adf50797234b3eed883c933e466b,S2B_MSIL2A_20190623T155829_R097_T17RMM_20201006T053622,0.008687422650391905,69054.0,15,https://sentinel2l2a01.blob.core.windows.net/sentinel2-l2/17/R/MM/2019/06/23/S2B_MSIL2A_20190623T155829_N0212_R097_T17RMM_20201006T053622.SAFE/GRANULE/L2A_T17RMM_A011992_20190623T161512/IMG_DATA/R10m/T17RMM_20190623T155829_TCI_10m.tif
7c0689f45c22a2442a5ee43fb3e54997,S2B_MSIL2A_20190603T155829_R097_T17RLN_20201005T214550,2.4266543716178503e-05,131201.0,30,https://sentinel2l2a01.blob.core.windows.net/sentinel2-l2/17/R/LN/2019/06/03/S2B_MSIL2A_20190603T155829_N0212_R097_T17RLN_20201005T214550.SAFE/GRANULE/L2A_T17RLN_A011706_20190603T161410/IMG_DATA/R10m/T17RLN_20190603T155829_TCI_10m.tif
7c7985b79f3d16bf18c6e47f4d5aaaa1,S2B_MSIL2A_20190623T155829_R097_T17RML_20201006T053546,0.008440385138981708,135254.0,19,https://sentinel2l2a01.blob.core.windows.net/sentinel2-l2/17/R/ML/2019/06/23/S2B_MSIL2A_20190623T155829_N0212_R097_T17RML_20201006T053546.SAFE/GRANULE/L2A_T17RML_A011992_20190623T161512/IMG_DATA/R10m/T17RML_20190623T155829_TCI_10m.tif
7ed6ecf6c628b625b6fb61182f980d2a,S2B_MSIL2A_20190603T155829_R097_T17RLN_20201005T214550,0.0003639981557426776,116211.0,30,https://sentinel2l2a01.blob.core.windows.net/sentinel2-l2/17/R/LN/2019/06/03/S2B_MSIL2A_20190603T155829_N0212_R097_T17RLN_20201005T214550.SAFE/GRANULE/L2A_T17RLN_A011706_20190603T161410/IMG_DATA/R10m/T17RLN_20190603T155829_TCI_10m.tif
7f30b17f05f33e624e56f88c0bc03277,S2A_MSIL2A_20190625T160521_R054_T17RNK_20201006T061046,0.0,160801.0,12,https://sentinel2l2a01.blob.core.windows.net/sentinel2-l2/17/R/NK/2019/06/25/S2A_MSIL2A_20190625T160521_N0212_R054_T17RNK_20201006T061046.SAFE/GRANULE/L2A_T17RNK_A020929_20190625T160516/IMG_DATA/R10m/T17RNK_20190625T160521_TCI_10m.tif
81c5a7343b47cac83f69b3294b8d9ba8,S2B_MSIL2A_20190623T155829_R097_T17RML_20201006T053546,0.000792059602485087,98480.0,14,https://sentinel2l2a01.blob.core.windows.net/sentinel2-l2/17/R/ML/2019/06/23/S2B_MSIL2A_20190623T155829_N0212_R097_T17RML_20201006T053546.SAFE/GRANULE/L2A_T17RML_A011992_20190623T161512/IMG_DATA/R10m/T17RML_20190623T155829_TCI_10m.tif
83b5376420a905afd9f1db9539b4f57b,S2A_MSIL2A_20190625T160521_R054_T17RNL_20201006T061044,0.0,161202.0,9,https://sentinel2l2a01.blob.core.windows.net/sentinel2-l2/17/R/NL/2019/06/25/S2A_MSIL2A_20190625T160521_N0212_R054_T17RNL_20201006T061044.SAFE/GRANULE/L2A_T17RNL_A020929_20190625T160516/IMG_DATA/R10m/T17RNL_20190625T160521_TCI_10m.tif
83dd1bd0411576995811636117a00df7,S2B_MSIL2A_20190623T155829_R097_T17RML_20201006T053546,0.008739139220044453,13347.0,11,https://sentinel2l2a01.blob.core.windows.net/sentinel2-l2/17/R/ML/2019/06/23/S2B_MSIL2A_20190623T155829_N0212_R097_T17RML_20201006T053546.SAFE/GRANULE/L2A_T17RML_A011992_20190623T161512/IMG_DATA/R10m/T17RML_20190623T155829_TCI_10m.tif
840a0d9816a33f62664b4c10aad71fb1,S2B_MSIL2A_20190703T155829_R097_T17RMM_20201005T085417,0.0,162409.0,5,https://sentinel2l2a01.blob.core.windows.net/sentinel2-l2/17/R/MM/2019/07/03/S2B_MSIL2A_20190703T155829_N0212_R097_T17RMM_20201005T085417.SAFE/GRANULE/L2A_T17RMM_A012135_20190703T160727/IMG_DATA/R10m/T17RMM_20190703T155829_TCI_10m.tif
844c5233423a8cfa380c5976e2e1b8d6,S2B_MSIL2A_20190703T155829_R097_T17RMM_20201005T085417,0.0,162409.0,0,https://sentinel2l2a01.blob.core.windows.net/sentinel2-l2/17/R/MM/2019/07/03/S2B_MSIL2A_20190703T155829_N0212_R097_T17RMM_20201005T085417.SAFE/GRANULE/L2A_T17RMM_A012135_20190703T160727/IMG_DATA/R10m/T17RMM_20190703T155829_TCI_10m.tif
8596b90c128312ff1282d6df81d8685b,S2B_MSIL2A_20190623T155829_R097_T17RMM_20201006T053622,0.04859366533668292,44548.0,11,https://sentinel2l2a01.blob.core.windows.net/sentinel2-l2/17/R/MM/2019/06/23/S2B_MSIL2A_20190623T155829_N0212_R097_T17RMM_20201006T053622.SAFE/GRANULE/L2A_T17RMM_A011992_20190623T161512/IMG_DATA/R10m/T17RMM_20190623T155829_TCI_10m.tif
85f657774e1f10f771f072415ddb758e,S2B_MSIL2A_20190703T155829_R097_T17RMM_20201005T085417,0.0,162409.0,5,https://sentinel2l2a01.blob.core.windows.net/sentinel2-l2/17/R/MM/2019/07/03/S2B_MSIL2A_20190703T155829_N0212_R097_T17RMM_20201005T085417.SAFE/GRANULE/L2A_T17RMM_A012135_20190703T160727/IMG_DATA/R10m/T17RMM_20190703T155829_TCI_10m.tif
8751630c1d89dab96d082e4d4a096a1b,S2A_MSIL2A_20190625T160521_R054_T17RNL_20201006T061044,0.003391005173139279,146461.0,12,https://sentinel2l2a01.blob.core.windows.net/sentinel2-l2/17/R/NL/2019/06/25/S2A_MSIL2A_20190625T160521_N0212_R054_T17RNL_20201006T061044.SAFE/GRANULE/L2A_T17RNL_A020929_20190625T160516/IMG_DATA/R10m/T17RNL_20190625T160521_TCI_10m.tif
899066979fc9906a38ffa31473f58204,S2B_MSIL2A_20190623T155829_R097_T17RMM_20201006T053622,0.008687422650391905,69054.0,9,https://sentinel2l2a01.blob.core.windows.net/sentinel2-l2/17/R/MM/2019/06/23/S2B_MSIL2A_20190623T155829_N0212_R097_T17RMM_20201006T053622.SAFE/GRANULE/L2A_T17RMM_A011992_20190623T161512/IMG_DATA/R10m/T17RMM_20190623T155829_TCI_10m.tif
8990ac50a575653d9d061e7e56073b2b,S2A_MSIL2A_20190618T155911_R097_T17RMN_20201006T034135,0.036525294320476825,29289.0,16,https://sentinel2l2a01.blob.core.windows.net/sentinel2-l2/17/R/MN/2019/06/18/S2A_MSIL2A_20190618T155911_N0212_R097_T17RMN_20201006T034135.SAFE/GRANULE/L2A_T17RMN_A020829_20190618T160519/IMG_DATA/R10m/T17RMN_20190618T155911_TCI_10m.tif
8b2735508f9458176b923c3a5ab5c474,S2B_MSIL2A_20190703T155829_R097_T17RMM_20201005T085417,0.0,162409.0,4,https://sentinel2l2a01.blob.core.windows.net/sentinel2-l2/17/R/MM/2019/07/03/S2B_MSIL2A_20190703T155829_N0212_R097_T17RMM_20201005T085417.SAFE/GRANULE/L2A_T17RMM_A012135_20190703T160727/IMG_DATA/R10m/T17RMM_20190703T155829_TCI_10m.tif
8b89d7c13347da799accc40be63b343e,S2A_MSIL2A_20190625T160521_R054_T17RNK_20201006T061046,2.475186257765897e-05,160739.0,8,https://sentinel2l2a01.blob.core.windows.net/sentinel2-l2/17/R/NK/2019/06/25/S2A_MSIL2A_20190625T160521_N0212_R054_T17RNK_20201006T061046.SAFE/GRANULE/L2A_T17RNK_A020929_20190625T160516/IMG_DATA/R10m/T17RNK_20190625T160521_TCI_10m.tif
8bdaf49904d80f69ed595bf25c5e2273,S2A_MSIL2A_20190625T160521_R054_T17RNL_20201006T061044,0.003391005173139279,146461.0,19,https://sentinel2l2a01.blob.core.windows.net/sentinel2-l2/17/R/NL/2019/06/25/S2A_MSIL2A_20190625T160521_N0212_R054_T17RNL_20201006T061044.SAFE/GRANULE/L2A_T17RNL_A020929_20190625T160516/IMG_DATA/R10m/T17RNL_20190625T160521_TCI_10m.tif
8dc06a26ea913ac99e99feaa5675733f,S2B_MSIL2A_20190623T155829_R097_T17RML_20201006T053546,0.000792059602485087,98480.0,19,https://sentinel2l2a01.blob.core.windows.net/sentinel2-l2/17/R/ML/2019/06/23/S2B_MSIL2A_20190623T155829_N0212_R097_T17RML_20201006T053546.SAFE/GRANULE/L2A_T17RML_A011992_20190623T161512/IMG_DATA/R10m/T17RML_20190623T155829_TCI_10m.tif
901f3daf20facc100a072a33608975ab,S2B_MSIL2A_20190703T155829_R097_T17RMN_20201005T085416,9.770713913496613e-05,121696.0,0,https://sentinel2l2a01.blob.core.windows.net/sentinel2-l2/17/R/MN/2019/07/03/S2B_MSIL2A_20190703T155829_N0212_R097_T17RMN_20201005T085416.SAFE/GRANULE/L2A_T17RMN_A012135_20190703T160727/IMG_DATA/R10m/T17RMN_20190703T155829_TCI_10m.tif
92bc204550d6ab47b72be73c456b4630,S2B_MSIL2A_20190703T155829_R097_T17RMM_20201005T085417,0.02911479266738555,85697.0,1,https://sentinel2l2a01.blob.core.windows.net/sentinel2-l2/17/R/MM/2019/07/03/S2B_MSIL2A_20190703T155829_N0212_R097_T17RMM_20201005T085417.SAFE/GRANULE/L2A_T17RMM_A012135_20190703T160727/IMG_DATA/R10m/T17RMM_20190703T155829_TCI_10m.tif
932586946a967e160eb9caea874e5cd4,S2A_MSIL2A_20190625T160521_R054_T17RNK_20201006T061046,0.0,161604.0,9,https://sentinel2l2a01.blob.core.windows.net/sentinel2-l2/17/R/NK/2019/06/25/S2A_MSIL2A_20190625T160521_N0212_R054_T17RNK_20201006T061046.SAFE/GRANULE/L2A_T17RNK_A020929_20190625T160516/IMG_DATA/R10m/T17RNK_20190625T160521_TCI_10m.tif
954e249220b3122244164fd8e52f1f0b,S2A_MSIL2A_20190625T160521_R054_T17RNL_20201006T061044,0.0,161202.0,19,https://sentinel2l2a01.blob.core.windows.net/sentinel2-l2/17/R/NL/2019/06/25/S2A_MSIL2A_20190625T160521_N0212_R054_T17RNL_20201006T061044.SAFE/GRANULE/L2A_T17RNL_A020929_20190625T160516/IMG_DATA/R10m/T17RNL_20190625T160521_TCI_10m.tif
994ba110af7495de11aea8e7d3f99572,S2B_MSIL2A_20190623T155829_R097_T17RMM_20201006T053622,0.04859366533668292,44548.0,14,https://sentinel2l2a01.blob.core.windows.net/sentinel2-l2/17/R/MM/2019/06/23/S2B_MSIL2A_20190623T155829_N0212_R097_T17RMM_20201006T053622.SAFE/GRANULE/L2A_T17RMM_A011992_20190623T161512/IMG_DATA/R10m/T17RMM_20190623T155829_TCI_10m.tif
998a64f9b579abafe931539d00622d02,S2A_MSIL2A_20190625T160521_R054_T17RNL_20201006T061044,0.0,161202.0,8,https://sentinel2l2a01.blob.core.windows.net/sentinel2-l2/17/R/NL/2019/06/25/S2A_MSIL2A_20190625T160521_N0212_R054_T17RNL_20201006T061044.SAFE/GRANULE/L2A_T17RNL_A020929_20190625T160516/IMG_DATA/R10m/T17RNL_20190625T160521_TCI_10m.tif
9bb14952df098fa8c632f3e2afcd23c1,S2B_MSIL2A_20190703T155829_R097_T17RMM_20201005T085417,0.04889226546417018,98136.0,4,https://sentinel2l2a01.blob.core.windows.net/sentinel2-l2/17/R/MM/2019/07/03/S2B_MSIL2A_20190703T155829_N0212_R097_T17RMM_20201005T085417.SAFE/GRANULE/L2A_T17RMM_A012135_20190703T160727/IMG_DATA/R10m/T17RMM_20190703T155829_TCI_10m.tif
9d2ac3240d406c0d443bafa5fa455a36,S2A_MSIL2A_20190625T160521_R054_T17RNK_20201006T061046,2.475186257765897e-05,160739.0,16,https://sentinel2l2a01.blob.core.windows.net/sentinel2-l2/17/R/NK/2019/06/25/S2A_MSIL2A_20190625T160521_N0212_R054_T17RNK_20201006T061046.SAFE/GRANULE/L2A_T17RNK_A020929_20190625T160516/IMG_DATA/R10m/T17RNK_20190625T160521_TCI_10m.tif
9d6804dfa74575961b7cdb7a42a668a8,S2B_MSIL2A_20190703T155829_R097_T17RMM_20201005T085417,0.028922596693166852,75764.0,0,https://sentinel2l2a01.blob.core.windows.net/sentinel2-l2/17/R/MM/2019/07/03/S2B_MSIL2A_20190703T155829_N0212_R097_T17RMM_20201005T085417.SAFE/GRANULE/L2A_T17RMM_A012135_20190703T160727/IMG_DATA/R10m/T17RMM_20190703T155829_TCI_10m.tif
9d891bc6e4c55472831e7f429f4a5396,S2A_MSIL2A_20190625T160521_R054_T17RNL_20201006T061044,0.003391005173139279,146461.0,8,https://sentinel2l2a01.blob.core.windows.net/sentinel2-l2/17/R/NL/2019/06/25/S2A_MSIL2A_20190625T160521_N0212_R054_T17RNL_20201006T061044.SAFE/GRANULE/L2A_T17RNL_A020929_20190625T160516/IMG_DATA/R10m/T17RNL_20190625T160521_TCI_10m.tif
9e41acae3be94a775e31cd0c71388f5e,S2B_MSIL2A_20190703T155829_R097_T17RMM_20201005T085417,0.0,162409.0,1,https://sentinel2l2a01.blob.core.windows.net/sentinel2-l2/17/R/MM/2019/07/03/S2B_MSIL2A_20190703T155829_N0212_R097_T17RMM_20201005T085417.SAFE/GRANULE/L2A_T17RMM_A012135_20190703T160727/IMG_DATA/R10m/T17RMM_20190703T155829_TCI_10m.tif
9ee98563c3b393437b039780f997d766,S2B_MSIL2A_20190623T155829_R097_T17RML_20201006T053546,0.000792059602485087,98480.0,15,https://sentinel2l2a01.blob.core.windows.net/sentinel2-l2/17/R/ML/2019/06/23/S2B_MSIL2A_20190623T155829_N0212_R097_T17RML_20201006T053546.SAFE/GRANULE/L2A_T17RML_A011992_20190623T161512/IMG_DATA/R10m/T17RML_20190623T155829_TCI_10m.tif
a131be6d50c6def3ba9464d593091238,S2A_MSIL2A_20190625T160521_R054_T17RNL_20201006T061044,0.0,161202.0,13,https://sentinel2l2a01.blob.core.windows.net/sentinel2-l2/17/R/NL/2019/06/25/S2A_MSIL2A_20190625T160521_N0212_R054_T17RNL_20201006T061044.SAFE/GRANULE/L2A_T17RNL_A020929_20190625T160516/IMG_DATA/R10m/T17RNL_20190625T160521_TCI_10m.tif
a20b6e8f52e221056d2459967a02ddf7,S2B_MSIL2A_20190623T155829_R097_T17RML_20201006T053546,0.000792059602485087,98480.0,22,https://sentinel2l2a01.blob.core.windows.net/sentinel2-l2/17/R/ML/2019/06/23/S2B_MSIL2A_20190623T155829_N0212_R097_T17RML_20201006T053546.SAFE/GRANULE/L2A_T17RML_A011992_20190623T161512/IMG_DATA/R10m/T17RML_20190623T155829_TCI_10m.tif
a72ae99d649b6ca27fd616d7ac236d1e,S2B_MSIL2A_20190623T155829_R097_T17RMM_20201006T053622,0.007915890598960886,46794.0,10,https://sentinel2l2a01.blob.core.windows.net/sentinel2-l2/17/R/MM/2019/06/23/S2B_MSIL2A_20190623T155829_N0212_R097_T17RMM_20201006T053622.SAFE/GRANULE/L2A_T17RMM_A011992_20190623T161512/IMG_DATA/R10m/T17RMM_20190623T155829_TCI_10m.tif
a8742f672d27d7beb4243bbfd00a8cd7,S2B_MSIL2A_20190623T155829_R097_T17RML_20201006T053546,0.03823154592686991,98528.0,9,https://sentinel2l2a01.blob.core.windows.net/sentinel2-l2/17/R/ML/2019/06/23/S2B_MSIL2A_20190623T155829_N0212_R097_T17RML_20201006T053546.SAFE/GRANULE/L2A_T17RML_A011992_20190623T161512/IMG_DATA/R10m/T17RML_20190623T155829_TCI_10m.tif
a8f9e2835d3c167d93ab9d74c2f18871,S2B_MSIL2A_20190703T155829_R097_T17RMM_20201005T085417,0.02911479266738555,85697.0,12,https://sentinel2l2a01.blob.core.windows.net/sentinel2-l2/17/R/MM/2019/07/03/S2B_MSIL2A_20190703T155829_N0212_R097_T17RMM_20201005T085417.SAFE/GRANULE/L2A_T17RMM_A012135_20190703T160727/IMG_DATA/R10m/T17RMM_20190703T155829_TCI_10m.tif
ac157a5273b73c6695bb33494ee8f991,S2A_MSIL2A_20190708T155911_R097_T17RML_20201005T110144,0.03276639545142633,108853.0,4,https://sentinel2l2a01.blob.core.windows.net/sentinel2-l2/17/R/ML/2019/07/08/S2A_MSIL2A_20190708T155911_N0212_R097_T17RML_20201005T110144.SAFE/GRANULE/L2A_T17RML_A021115_20190708T160744/IMG_DATA/R10m/T17RML_20190708T155911_TCI_10m.tif
ac4c77c324eb8d42c355760ec0890297,S2A_MSIL2A_20190625T160521_R054_T17RNL_20201006T061044,0.0,161202.0,12,https://sentinel2l2a01.blob.core.windows.net/sentinel2-l2/17/R/NL/2019/06/25/S2A_MSIL2A_20190625T160521_N0212_R054_T17RNL_20201006T061044.SAFE/GRANULE/L2A_T17RNL_A020929_20190625T160516/IMG_DATA/R10m/T17RNL_20190625T160521_TCI_10m.tif
af4ff93a42e9f9b1b7918e251a098bff,S2A_MSIL2A_20190708T155911_R097_T17RMM_20201005T110146,0.023772179198117832,85678.0,4,https://sentinel2l2a01.blob.core.windows.net/sentinel2-l2/17/R/MM/2019/07/08/S2A_MSIL2A_20190708T155911_N0212_R097_T17RMM_20201005T110146.SAFE/GRANULE/L2A_T17RMM_A021115_20190708T160744/IMG_DATA/R10m/T17RMM_20190708T155911_TCI_10m.tif
afb0d6c90d249ba33c069a49649874dc,S2B_MSIL2A_20190623T155829_R097_T17RMM_20201006T053622,0.01021958631506715,40360.0,11,https://sentinel2l2a01.blob.core.windows.net/sentinel2-l2/17/R/MM/2019/06/23/S2B_MSIL2A_20190623T155829_N0212_R097_T17RMM_20201006T053622.SAFE/GRANULE/L2A_T17RMM_A011992_20190623T161512/IMG_DATA/R10m/T17RMM_20190623T155829_TCI_10m.tif
afba6163b047c15b0c4ffe9a3856be2d,S2B_MSIL2A_20190703T155829_R097_T17RMN_20201005T085416,0.0036025879815704343,108587.0,0,https://sentinel2l2a01.blob.core.windows.net/sentinel2-l2/17/R/MN/2019/07/03/S2B_MSIL2A_20190703T155829_N0212_R097_T17RMN_20201005T085416.SAFE/GRANULE/L2A_T17RMN_A012135_20190703T160727/IMG_DATA/R10m/T17RMN_20190703T155829_TCI_10m.tif
b0660fa1f65b4dd9e7dc03fed3dbb7f1,S2B_MSIL2A_20190623T155829_R097_T17RMM_20201006T053622,0.00965712334780276,74351.0,22,https://sentinel2l2a01.blob.core.windows.net/sentinel2-l2/17/R/MM/2019/06/23/S2B_MSIL2A_20190623T155829_N0212_R097_T17RMM_20201006T053622.SAFE/GRANULE/L2A_T17RMM_A011992_20190623T161512/IMG_DATA/R10m/T17RMM_20190623T155829_TCI_10m.tif
b1a010f31ec93361e8c9856267c42825,S2B_MSIL2A_20190613T155829_R097_T17RMM_20201006T015146,0.004492102593826982,13261.0,21,https://sentinel2l2a01.blob.core.windows.net/sentinel2-l2/17/R/MM/2019/06/13/S2B_MSIL2A_20190613T155829_N0212_R097_T17RMM_20201006T015146.SAFE/GRANULE/L2A_T17RMM_A011849_20190613T161022/IMG_DATA/R10m/T17RMM_20190613T155829_TCI_10m.tif
b1eec962da4df213e4a7bddadc68f479,S2B_MSIL2A_20190603T155829_R097_T17RLN_20201005T214550,0.0003639981557426776,116211.0,29,https://sentinel2l2a01.blob.core.windows.net/sentinel2-l2/17/R/LN/2019/06/03/S2B_MSIL2A_20190603T155829_N0212_R097_T17RLN_20201005T214550.SAFE/GRANULE/L2A_T17RLN_A011706_20190603T161410/IMG_DATA/R10m/T17RLN_20190603T155829_TCI_10m.tif
b25b8253b3b1a2e63da1f4a6c7c2f323,S2A_MSIL2A_20190625T160521_R054_T17RNK_20201006T061046,0.0,161604.0,17,https://sentinel2l2a01.blob.core.windows.net/sentinel2-l2/17/R/NK/2019/06/25/S2A_MSIL2A_20190625T160521_N0212_R054_T17RNK_20201006T061046.SAFE/GRANULE/L2A_T17RNK_A020929_20190625T160516/IMG_DATA/R10m/T17RNK_20190625T160521_TCI_10m.tif
b2fe90c648fdeca7389591cca7d6ca0e,S2B_MSIL2A_20190630T160519_R054_T17RNM_20201006T082720,0.04616222370733398,82035.0,15,https://sentinel2l2a01.blob.core.windows.net/sentinel2-l2/17/R/NM/2019/06/30/S2B_MSIL2A_20190630T160519_N0212_R054_T17RNM_20201006T082720.SAFE/GRANULE/L2A_T17RNM_A012092_20190630T160520/IMG_DATA/R10m/T17RNM_20190630T160519_TCI_10m.tif
b41edc12ad970a2cdc7f2917fdce5571,S2A_MSIL2A_20190625T160521_R054_T17RMK_20201006T061035,0.0013861043043489022,130432.0,8,https://sentinel2l2a01.blob.core.windows.net/sentinel2-l2/17/R/MK/2019/06/25/S2A_MSIL2A_20190625T160521_N0212_R054_T17RMK_20201006T061035.SAFE/GRANULE/L2A_T17RMK_A020929_20190625T160516/IMG_DATA/R10m/T17RMK_20190625T160521_TCI_10m.tif
b7510dc5690c8e73d9660313ea447498,S2A_MSIL2A_20190625T160521_R054_T17RNK_20201006T061046,0.0,161202.0,20,https://sentinel2l2a01.blob.core.windows.net/sentinel2-l2/17/R/NK/2019/06/25/S2A_MSIL2A_20190625T160521_N0212_R054_T17RNK_20201006T061046.SAFE/GRANULE/L2A_T17RNK_A020929_20190625T160516/IMG_DATA/R10m/T17RNK_20190625T160521_TCI_10m.tif
b88221a053219e11bf6f75f02f20a4a1,S2A_MSIL2A_20190625T160521_R054_T17RNK_20201006T061046,0.0,161202.0,9,https://sentinel2l2a01.blob.core.windows.net/sentinel2-l2/17/R/NK/2019/06/25/S2A_MSIL2A_20190625T160521_N0212_R054_T17RNK_20201006T061046.SAFE/GRANULE/L2A_T17RNK_A020929_20190625T160516/IMG_DATA/R10m/T17RNK_20190625T160521_TCI_10m.tif
b88f22be8a49c41181722a67f034e164,S2B_MSIL2A_20190703T155829_R097_T17RML_20201005T085415,0.042325685007796834,141321.0,3,https://sentinel2l2a01.blob.core.windows.net/sentinel2-l2/17/R/ML/2019/07/03/S2B_MSIL2A_20190703T155829_N0212_R097_T17RML_20201005T085415.SAFE/GRANULE/L2A_T17RML_A012135_20190703T160727/IMG_DATA/R10m/T17RML_20190703T155829_TCI_10m.tif
bbec2ccc8ba8932da259ce6436efaf1c,S2A_MSIL2A_20190625T160521_R054_T17RNK_20201006T061046,0.0,161202.0,17,https://sentinel2l2a01.blob.core.windows.net/sentinel2-l2/17/R/NK/2019/06/25/S2A_MSIL2A_20190625T160521_N0212_R054_T17RNK_20201006T061046.SAFE/GRANULE/L2A_T17RNK_A020929_20190625T160516/IMG_DATA/R10m/T17RNK_20190625T160521_TCI_10m.tif
bf7eb7412bb3564e5a752655b4d97296,S2B_MSIL2A_20190703T155829_R097_T17RMM_20201005T085417,0.0,162409.0,12,https://sentinel2l2a01.blob.core.windows.net/sentinel2-l2/17/R/MM/2019/07/03/S2B_MSIL2A_20190703T155829_N0212_R097_T17RMM_20201005T085417.SAFE/GRANULE/L2A_T17RMM_A012135_20190703T160727/IMG_DATA/R10m/T17RMM_20190703T155829_TCI_10m.tif
bfccd3f5795baa53be36937aff452f2c,S2A_MSIL2A_20190625T160521_R054_T17RNK_20201006T061046,0.0,161202.0,8,https://sentinel2l2a01.blob.core.windows.net/sentinel2-l2/17/R/NK/2019/06/25/S2A_MSIL2A_20190625T160521_N0212_R054_T17RNK_20201006T061046.SAFE/GRANULE/L2A_T17RNK_A020929_20190625T160516/IMG_DATA/R10m/T17RNK_20190625T160521_TCI_10m.tif
c00b191a38c6b4f8872f6843ceee4b32,S2B_MSIL2A_20190703T155829_R097_T17RML_20201005T085415,0.00941084207430644,145052.0,4,https://sentinel2l2a01.blob.core.windows.net/sentinel2-l2/17/R/ML/2019/07/03/S2B_MSIL2A_20190703T155829_N0212_R097_T17RML_20201005T085415.SAFE/GRANULE/L2A_T17RML_A012135_20190703T160727/IMG_DATA/R10m/T17RML_20190703T155829_TCI_10m.tif
c35cee76f8ba9f4a13027b98396f8ccb,S2B_MSIL2A_20190623T155829_R097_T17RML_20201006T053546,0.008440385138981708,135254.0,14,https://sentinel2l2a01.blob.core.windows.net/sentinel2-l2/17/R/ML/2019/06/23/S2B_MSIL2A_20190623T155829_N0212_R097_T17RML_20201006T053546.SAFE/GRANULE/L2A_T17RML_A011992_20190623T161512/IMG_DATA/R10m/T17RML_20190623T155829_TCI_10m.tif
c399826768384e70e76c25764bd58efc,S2B_MSIL2A_20190623T155829_R097_T17RMM_20201006T053622,0.009459856876776787,49623.0,10,https://sentinel2l2a01.blob.core.windows.net/sentinel2-l2/17/R/MM/2019/06/23/S2B_MSIL2A_20190623T155829_N0212_R097_T17RMM_20201006T053622.SAFE/GRANULE/L2A_T17RMM_A011992_20190623T161512/IMG_DATA/R10m/T17RMM_20190623T155829_TCI_10m.tif
c3eaf64f8c619ad53aa50dd1cd5fd038,S2A_MSIL2A_20190625T160521_R054_T17RNK_20201006T061046,0.0,161202.0,8,https://sentinel2l2a01.blob.core.windows.net/sentinel2-l2/17/R/NK/2019/06/25/S2A_MSIL2A_20190625T160521_N0212_R054_T17RNK_20201006T061046.SAFE/GRANULE/L2A_T17RNK_A020929_20190625T160516/IMG_DATA/R10m/T17RNK_20190625T160521_TCI_10m.tif
c472815ecf3e478da432eac98683cc76,S2B_MSIL2A_20190623T155829_R097_T17RMM_20201006T053622,0.00965712334780276,74351.0,19,https://sentinel2l2a01.blob.core.windows.net/sentinel2-l2/17/R/MM/2019/06/23/S2B_MSIL2A_20190623T155829_N0212_R097_T17RMM_20201006T053622.SAFE/GRANULE/L2A_T17RMM_A011992_20190623T161512/IMG_DATA/R10m/T17RMM_20190623T155829_TCI_10m.tif
c4ba579b1b1125f831946ee8aa086dca,S2B_MSIL2A_20190623T155829_R097_T17RLM_20201006T053504,0.023611347035841685,31848.0,22,https://sentinel2l2a01.blob.core.windows.net/sentinel2-l2/17/R/LM/2019/06/23/S2B_MSIL2A_20190623T155829_N0212_R097_T17RLM_20201006T053504.SAFE/GRANULE/L2A_T17RLM_A011992_20190623T161512/IMG_DATA/R10m/T17RLM_20190623T155829_TCI_10m.tif
c5af9bc6aedb981f242d015d59443438,S2B_MSIL2A_20190623T155829_R097_T17RMM_20201006T053622,0.01021958631506715,40360.0,10,https://sentinel2l2a01.blob.core.windows.net/sentinel2-l2/17/R/MM/2019/06/23/S2B_MSIL2A_20190623T155829_N0212_R097_T17RMM_20201006T053622.SAFE/GRANULE/L2A_T17RMM_A011992_20190623T161512/IMG_DATA/R10m/T17RMM_20190623T155829_TCI_10m.tif
c5be1a9922d600bf7df12599876237f1,S2A_MSIL2A_20190625T160521_R054_T17RNK_20201006T061046,0.0,161202.0,17,https://sentinel2l2a01.blob.core.windows.net/sentinel2-l2/17/R/NK/2019/06/25/S2A_MSIL2A_20190625T160521_N0212_R054_T17RNK_20201006T061046.SAFE/GRANULE/L2A_T17RNK_A020929_20190625T160516/IMG_DATA/R10m/T17RNK_20190625T160521_TCI_10m.tif
c6179f5e5cdcc7d40fda97c37a965ebe,S2B_MSIL2A_20190623T155829_R097_T17RMM_20201006T053622,0.009459856876776787,49623.0,11,https://sentinel2l2a01.blob.core.windows.net/sentinel2-l2/17/R/MM/2019/06/23/S2B_MSIL2A_20190623T155829_N0212_R097_T17RMM_20201006T053622.SAFE/GRANULE/L2A_T17RMM_A011992_20190623T161512/IMG_DATA/R10m/T17RMM_20190623T155829_TCI_10m.tif
c67ad901842746fdb835d16adbecd27f,S2B_MSIL2A_20190623T155829_R097_T17RMM_20201006T053622,0.006666013135967062,30476.0,14,https://sentinel2l2a01.blob.core.windows.net/sentinel2-l2/17/R/MM/2019/06/23/S2B_MSIL2A_20190623T155829_N0212_R097_T17RMM_20201006T053622.SAFE/GRANULE/L2A_T17RMM_A011992_20190623T161512/IMG_DATA/R10m/T17RMM_20190623T155829_TCI_10m.tif
ca2e46ce1d21365fadab0898aabc16b7,S2A_MSIL2A_20190715T160521_R054_T17RMK_20201005T142352,9.900745031063588e-05,129710.0,0,https://sentinel2l2a01.blob.core.windows.net/sentinel2-l2/17/R/MK/2019/07/15/S2A_MSIL2A_20190715T160521_N0212_R054_T17RMK_20201005T142352.SAFE/GRANULE/L2A_T17RMK_A021215_20190715T160516/IMG_DATA/R10m/T17RMK_20190715T160521_TCI_10m.tif
cb33dabec6982ce36a4ca68e96fc5858,S2B_MSIL2A_20190623T155829_R097_T17RMM_20201006T053622,0.006666013135967062,30476.0,13,https://sentinel2l2a01.blob.core.windows.net/sentinel2-l2/17/R/MM/2019/06/23/S2B_MSIL2A_20190623T155829_N0212_R097_T17RMM_20201006T053622.SAFE/GRANULE/L2A_T17RMM_A011992_20190623T161512/IMG_DATA/R10m/T17RMM_20190623T155829_TCI_10m.tif
cb8a9965c3d3f0385b90b441d0674f81,S2A_MSIL2A_20190625T160521_R054_T17RNK_20201006T061046,2.475186257765897e-05,160739.0,13,https://sentinel2l2a01.blob.core.windows.net/sentinel2-l2/17/R/NK/2019/06/25/S2A_MSIL2A_20190625T160521_N0212_R054_T17RNK_20201006T061046.SAFE/GRANULE/L2A_T17RNK_A020929_20190625T160516/IMG_DATA/R10m/T17RNK_20190625T160521_TCI_10m.tif
cc292a7766048891e4c79559762bdf74,S2B_MSIL2A_20190703T155829_R097_T17RMN_20201005T085416,0.024213312420350946,95582.0,0,https://sentinel2l2a01.blob.core.windows.net/sentinel2-l2/17/R/MN/2019/07/03/S2B_MSIL2A_20190703T155829_N0212_R097_T17RMN_20201005T085416.SAFE/GRANULE/L2A_T17RMN_A012135_20190703T160727/IMG_DATA/R10m/T17RMN_20190703T155829_TCI_10m.tif
cc87d3694e32a99e2e6ae7931148734e,S2A_MSIL2A_20190708T155911_R097_T17RML_20201005T110144,0.03276639545142633,108853.0,7,https://sentinel2l2a01.blob.core.windows.net/sentinel2-l2/17/R/ML/2019/07/08/S2A_MSIL2A_20190708T155911_N0212_R097_T17RML_20201005T110144.SAFE/GRANULE/L2A_T17RML_A021115_20190708T160744/IMG_DATA/R10m/T17RML_20190708T155911_TCI_10m.tif
cc9d041459ea7d6e8803cf369b52998a,S2B_MSIL2A_20190623T155829_R097_T17RMM_20201006T053622,0.008136457210077443,63556.0,15,https://sentinel2l2a01.blob.core.windows.net/sentinel2-l2/17/R/MM/2019/06/23/S2B_MSIL2A_20190623T155829_N0212_R097_T17RMM_20201006T053622.SAFE/GRANULE/L2A_T17RMM_A011992_20190623T161512/IMG_DATA/R10m/T17RMM_20190623T155829_TCI_10m.tif
cea114f1e6c9ce0ed4398b92bf2f4f0e,S2A_MSIL2A_20190625T160521_R054_T17RNK_20201006T061046,0.0,161604.0,13,https://sentinel2l2a01.blob.core.windows.net/sentinel2-l2/17/R/NK/2019/06/25/S2A_MSIL2A_20190625T160521_N0212_R054_T17RNK_20201006T061046.SAFE/GRANULE/L2A_T17RNK_A020929_20190625T160516/IMG_DATA/R10m/T17RNK_20190625T160521_TCI_10m.tif
cf3c8bb0d271e3ee239c6a61a660aecd,S2B_MSIL2A_20190703T155829_R097_T17RMN_20201005T085416,9.770713913496613e-05,121696.0,1,https://sentinel2l2a01.blob.core.windows.net/sentinel2-l2/17/R/MN/2019/07/03/S2B_MSIL2A_20190703T155829_N0212_R097_T17RMN_20201005T085416.SAFE/GRANULE/L2A_T17RMN_A012135_20190703T160727/IMG_DATA/R10m/T17RMN_20190703T155829_TCI_10m.tif
cf7394d97c91a5d4b583804ec6409a8e,S2B_MSIL2A_20190703T155829_R097_T17RMM_20201005T085417,0.0316145475933732,90938.0,0,https://sentinel2l2a01.blob.core.windows.net/sentinel2-l2/17/R/MM/2019/07/03/S2B_MSIL2A_20190703T155829_N0212_R097_T17RMM_20201005T085417.SAFE/GRANULE/L2A_T17RMM_A012135_20190703T160727/IMG_DATA/R10m/T17RMM_20190703T155829_TCI_10m.tif
d0efcf3245ad88535061748e40f81446,S2A_MSIL2A_20190625T160521_R054_T17RNK_20201006T061046,0.0,161604.0,9,https://sentinel2l2a01.blob.core.windows.net/sentinel2-l2/17/R/NK/2019/06/25/S2A_MSIL2A_20190625T160521_N0212_R054_T17RNK_20201006T061046.SAFE/GRANULE/L2A_T17RNK_A020929_20190625T160516/IMG_DATA/R10m/T17RNK_20190625T160521_TCI_10m.tif
d1d7d1fb625bd9abef6156c41b3c71e8,S2A_MSIL2A_20190625T160521_R054_T17RNK_20201006T061046,0.0,160801.0,8,https://sentinel2l2a01.blob.core.windows.net/sentinel2-l2/17/R/NK/2019/06/25/S2A_MSIL2A_20190625T160521_N0212_R054_T17RNK_20201006T061046.SAFE/GRANULE/L2A_T17RNK_A020929_20190625T160516/IMG_DATA/R10m/T17RNK_20190625T160521_TCI_10m.tif
d68d8aaf98dc39e581bef8281f9ab869,S2B_MSIL2A_20190703T155829_R097_T17RMM_20201005T085417,0.0316145475933732,90938.0,1,https://sentinel2l2a01.blob.core.windows.net/sentinel2-l2/17/R/MM/2019/07/03/S2B_MSIL2A_20190703T155829_N0212_R097_T17RMM_20201005T085417.SAFE/GRANULE/L2A_T17RMM_A012135_20190703T160727/IMG_DATA/R10m/T17RMM_20190703T155829_TCI_10m.tif
d6fabc1f16dfab5276fb45abdb967faa,S2B_MSIL2A_20190703T155829_R097_T17RMM_20201005T085417,0.0017400254876972845,107434.0,5,https://sentinel2l2a01.blob.core.windows.net/sentinel2-l2/17/R/MM/2019/07/03/S2B_MSIL2A_20190703T155829_N0212_R097_T17RMM_20201005T085417.SAFE/GRANULE/L2A_T17RMM_A012135_20190703T160727/IMG_DATA/R10m/T17RMM_20190703T155829_TCI_10m.tif
d77c8502aad61a2d336ac2ae62d8b196,S2A_MSIL2A_20190625T160521_R054_T17RNK_20201006T061046,0.0,160801.0,13,https://sentinel2l2a01.blob.core.windows.net/sentinel2-l2/17/R/NK/2019/06/25/S2A_MSIL2A_20190625T160521_N0212_R054_T17RNK_20201006T061046.SAFE/GRANULE/L2A_T17RNK_A020929_20190625T160516/IMG_DATA/R10m/T17RNK_20190625T160521_TCI_10m.tif
d80eb747746a27582db3441c5ed66848,S2B_MSIL2A_20190630T160519_R054_T17RNM_20201006T082720,0.04616222370733398,82035.0,10,https://sentinel2l2a01.blob.core.windows.net/sentinel2-l2/17/R/NM/2019/06/30/S2B_MSIL2A_20190630T160519_N0212_R054_T17RNM_20201006T082720.SAFE/GRANULE/L2A_T17RNM_A012092_20190630T160520/IMG_DATA/R10m/T17RNM_20190630T160519_TCI_10m.tif
d86802f8f944e9316ca1cc55c8bb355c,S2B_MSIL2A_20190703T155829_R097_T17RMN_20201005T085416,0.015537692383099697,15695.0,0,https://sentinel2l2a01.blob.core.windows.net/sentinel2-l2/17/R/MN/2019/07/03/S2B_MSIL2A_20190703T155829_N0212_R097_T17RMN_20201005T085416.SAFE/GRANULE/L2A_T17RMN_A012135_20190703T160727/IMG_DATA/R10m/T17RMN_20190703T155829_TCI_10m.tif
db0cd3cfaff5de23d0de274d5ab2f400,S2A_MSIL2A_20190625T160521_R054_T17RNK_20201006T061046,0.0,161604.0,8,https://sentinel2l2a01.blob.core.windows.net/sentinel2-l2/17/R/NK/2019/06/25/S2A_MSIL2A_20190625T160521_N0212_R054_T17RNK_20201006T061046.SAFE/GRANULE/L2A_T17RNK_A020929_20190625T160516/IMG_DATA/R10m/T17RNK_20190625T160521_TCI_10m.tif
dc95fa44bd2e37485d7dd194f14eb46a,S2B_MSIL2A_20190703T155829_R097_T17RMM_20201005T085417,0.0017400254876972845,107434.0,0,https://sentinel2l2a01.blob.core.windows.net/sentinel2-l2/17/R/MM/2019/07/03/S2B_MSIL2A_20190703T155829_N0212_R097_T17RMM_20201005T085417.SAFE/GRANULE/L2A_T17RMM_A012135_20190703T160727/IMG_DATA/R10m/T17RMM_20190703T155829_TCI_10m.tif
e1febc3ac2e9a795464d5122c09e3de1,S2B_MSIL2A_20190623T155829_R097_T17RLM_20201006T053504,0.023611347035841685,31848.0,18,https://sentinel2l2a01.blob.core.windows.net/sentinel2-l2/17/R/LM/2019/06/23/S2B_MSIL2A_20190623T155829_N0212_R097_T17RLM_20201006T053504.SAFE/GRANULE/L2A_T17RLM_A011992_20190623T161512/IMG_DATA/R10m/T17RLM_20190623T155829_TCI_10m.tif
e324862941827a00ef8bd494cabb530a,S2B_MSIL2A_20190703T155829_R097_T17RMM_20201005T085417,0.0017400254876972845,107434.0,1,https://sentinel2l2a01.blob.core.windows.net/sentinel2-l2/17/R/MM/2019/07/03/S2B_MSIL2A_20190703T155829_N0212_R097_T17RMM_20201005T085417.SAFE/GRANULE/L2A_T17RMM_A012135_20190703T160727/IMG_DATA/R10m/T17RMM_20190703T155829_TCI_10m.tif
e92372dcafe903e0da7ea12787079abb,S2B_MSIL2A_20190623T155829_R097_T17RMM_20201006T053622,0.008136457210077443,63556.0,10,https://sentinel2l2a01.blob.core.windows.net/sentinel2-l2/17/R/MM/2019/06/23/S2B_MSIL2A_20190623T155829_N0212_R097_T17RMM_20201006T053622.SAFE/GRANULE/L2A_T17RMM_A011992_20190623T161512/IMG_DATA/R10m/T17RMM_20190623T155829_TCI_10m.tif
e9dfd7c1a17f55f0ef16cfedd778e6cb,S2B_MSIL2A_20190703T155829_R097_T17RMM_20201005T085417,0.04889226546417018,98136.0,12,https://sentinel2l2a01.blob.core.windows.net/sentinel2-l2/17/R/MM/2019/07/03/S2B_MSIL2A_20190703T155829_N0212_R097_T17RMM_20201005T085417.SAFE/GRANULE/L2A_T17RMM_A012135_20190703T160727/IMG_DATA/R10m/T17RMM_20190703T155829_TCI_10m.tif
e9e34aa8d2346c6b765177d62afc0bf8,S2B_MSIL2A_20190630T160519_R054_T17RNM_20201006T082720,0.04616222370733398,82035.0,3,https://sentinel2l2a01.blob.core.windows.net/sentinel2-l2/17/R/NM/2019/06/30/S2B_MSIL2A_20190630T160519_N0212_R054_T17RNM_20201006T082720.SAFE/GRANULE/L2A_T17RNM_A012092_20190630T160520/IMG_DATA/R10m/T17RNM_20190630T160519_TCI_10m.tif
eb869e587e67ec3d66178d46110ca780,S2B_MSIL2A_20190623T155829_R097_T17RML_20201006T053546,0.008739139220044453,13347.0,10,https://sentinel2l2a01.blob.core.windows.net/sentinel2-l2/17/R/ML/2019/06/23/S2B_MSIL2A_20190623T155829_N0212_R097_T17RML_20201006T053546.SAFE/GRANULE/L2A_T17RML_A011992_20190623T161512/IMG_DATA/R10m/T17RML_20190623T155829_TCI_10m.tif
eba7874954d0e3e9f3eb73cc3a5f3060,S2A_MSIL2A_20190625T160521_R054_T17RNK_20201006T061046,0.0,161202.0,12,https://sentinel2l2a01.blob.core.windows.net/sentinel2-l2/17/R/NK/2019/06/25/S2A_MSIL2A_20190625T160521_N0212_R054_T17RNK_20201006T061046.SAFE/GRANULE/L2A_T17RNK_A020929_20190625T160516/IMG_DATA/R10m/T17RNK_20190625T160521_TCI_10m.tif
edd35d686c9d4d93d621cbffa9447920,S2A_MSIL2A_20190625T160521_R054_T17RNL_20201006T061044,0.0,161202.0,13,https://sentinel2l2a01.blob.core.windows.net/sentinel2-l2/17/R/NL/2019/06/25/S2A_MSIL2A_20190625T160521_N0212_R054_T17RNL_20201006T061044.SAFE/GRANULE/L2A_T17RNL_A020929_20190625T160516/IMG_DATA/R10m/T17RNL_20190625T160521_TCI_10m.tif
ee61e82bae18a2c17f1768b7978ba2cd,S2B_MSIL2A_20190703T155829_R097_T17RMM_20201005T085417,0.0,162409.0,9,https://sentinel2l2a01.blob.core.windows.net/sentinel2-l2/17/R/MM/2019/07/03/S2B_MSIL2A_20190703T155829_N0212_R097_T17RMM_20201005T085417.SAFE/GRANULE/L2A_T17RMM_A012135_20190703T160727/IMG_DATA/R10m/T17RMM_20190703T155829_TCI_10m.tif
efa5f1d6a49c2371aba566402d2d9acd,S2B_MSIL2A_20190623T155829_R097_T17RMM_20201006T053622,0.008136457210077443,63556.0,22,https://sentinel2l2a01.blob.core.windows.net/sentinel2-l2/17/R/MM/2019/06/23/S2B_MSIL2A_20190623T155829_N0212_R097_T17RMM_20201006T053622.SAFE/GRANULE/L2A_T17RMM_A011992_20190623T161512/IMG_DATA/R10m/T17RMM_20190623T155829_TCI_10m.tif
efc64836b5b8a6687a9e262fde71af6e,S2B_MSIL2A_20190703T155829_R097_T17RMM_20201005T085417,0.04889226546417018,98136.0,8,https://sentinel2l2a01.blob.core.windows.net/sentinel2-l2/17/R/MM/2019/07/03/S2B_MSIL2A_20190703T155829_N0212_R097_T17RMM_20201005T085417.SAFE/GRANULE/L2A_T17RMM_A012135_20190703T160727/IMG_DATA/R10m/T17RMM_20190703T155829_TCI_10m.tif
f083fd53fabe25c2618643f7926b8af6,S2B_MSIL2A_20190703T155829_R097_T17RMM_20201005T085417,0.04889226546417018,98136.0,5,https://sentinel2l2a01.blob.core.windows.net/sentinel2-l2/17/R/MM/2019/07/03/S2B_MSIL2A_20190703T155829_N0212_R097_T17RMM_20201005T085417.SAFE/GRANULE/L2A_T17RMM_A012135_20190703T160727/IMG_DATA/R10m/T17RMM_20190703T155829_TCI_10m.tif
f4cefc14f6762e8dbd9649b2982870a2,S2A_MSIL2A_20190625T160521_R054_T17RNK_20201006T061046,0.0,161604.0,9,https://sentinel2l2a01.blob.core.windows.net/sentinel2-l2/17/R/NK/2019/06/25/S2A_MSIL2A_20190625T160521_N0212_R054_T17RNK_20201006T061046.SAFE/GRANULE/L2A_T17RNK_A020929_20190625T160516/IMG_DATA/R10m/T17RNK_20190625T160521_TCI_10m.tif
f63c015391cf26c9a4e6a2e88ad0efa4,S2B_MSIL2A_20190703T155829_R097_T17RML_20201005T085415,0.042325685007796834,141321.0,1,https://sentinel2l2a01.blob.core.windows.net/sentinel2-l2/17/R/ML/2019/07/03/S2B_MSIL2A_20190703T155829_N0212_R097_T17RML_20201005T085415.SAFE/GRANULE/L2A_T17RML_A012135_20190703T160727/IMG_DATA/R10m/T17RML_20190703T155829_TCI_10m.tif
f76afb8123ac34676c2d7691ba98547f,S2B_MSIL2A_20190623T155829_R097_T17RMM_20201006T053622,0.00965712334780276,74351.0,11,https://sentinel2l2a01.blob.core.windows.net/sentinel2-l2/17/R/MM/2019/06/23/S2B_MSIL2A_20190623T155829_N0212_R097_T17RMM_20201006T053622.SAFE/GRANULE/L2A_T17RMM_A011992_20190623T161512/IMG_DATA/R10m/T17RMM_20190623T155829_TCI_10m.tif
f89f1ea24ffb2952035a926c72dae241,S2A_MSIL2A_20190625T160521_R054_T17RMK_20201006T061035,0.0026484492958095095,120285.0,16,https://sentinel2l2a01.blob.core.windows.net/sentinel2-l2/17/R/MK/2019/06/25/S2A_MSIL2A_20190625T160521_N0212_R054_T17RMK_20201006T061035.SAFE/GRANULE/L2A_T17RMK_A020929_20190625T160516/IMG_DATA/R10m/T17RMK_20190625T160521_TCI_10m.tif
f90fe29ad3980903b18d573ef09aabc2,S2A_MSIL2A_20190618T155911_R097_T17RMM_20201006T034134,0.048365139476745624,131705.0,15,https://sentinel2l2a01.blob.core.windows.net/sentinel2-l2/17/R/MM/2019/06/18/S2A_MSIL2A_20190618T155911_N0212_R097_T17RMM_20201006T034134.SAFE/GRANULE/L2A_T17RMM_A020829_20190618T160519/IMG_DATA/R10m/T17RMM_20190618T155911_TCI_10m.tif
fa4f63e386d66f979f925fe1e3072b57,S2B_MSIL2A_20190703T155829_R097_T17RMM_20201005T085417,0.02911479266738555,85697.0,3,https://sentinel2l2a01.blob.core.windows.net/sentinel2-l2/17/R/MM/2019/07/03/S2B_MSIL2A_20190703T155829_N0212_R097_T17RMM_20201005T085417.SAFE/GRANULE/L2A_T17RMM_A012135_20190703T160727/IMG_DATA/R10m/T17RMM_20190703T155829_TCI_10m.tif
fac5c99354518019785c32b7b10778bd,S2B_MSIL2A_20190703T155829_R097_T17RML_20201005T085415,0.042325685007796834,141321.0,5,https://sentinel2l2a01.blob.core.windows.net/sentinel2-l2/17/R/ML/2019/07/03/S2B_MSIL2A_20190703T155829_N0212_R097_T17RML_20201005T085415.SAFE/GRANULE/L2A_T17RML_A012135_20190703T160727/IMG_DATA/R10m/T17RML_20190703T155829_TCI_10m.tif
fb8c01f07ca2f4f27ec0578c9a1bfca5,S2B_MSIL2A_20190703T155829_R097_T17RMM_20201005T085417,0.02911479266738555,85697.0,0,https://sentinel2l2a01.blob.core.windows.net/sentinel2-l2/17/R/MM/2019/07/03/S2B_MSIL2A_20190703T155829_N0212_R097_T17RMM_20201005T085417.SAFE/GRANULE/L2A_T17RMM_A012135_20190703T160727/IMG_DATA/R10m/T17RMM_20190703T155829_TCI_10m.tif
fe4ad3de6b172ecc24efbd5b89cca746,S2B_MSIL2A_20190703T155829_R097_T17RMM_20201005T085417,0.0,162409.0,0,https://sentinel2l2a01.blob.core.windows.net/sentinel2-l2/17/R/MM/2019/07/03/S2B_MSIL2A_20190703T155829_N0212_R097_T17RMM_20201005T085417.SAFE/GRANULE/L2A_T17RMM_A012135_20190703T160727/IMG_DATA/R10m/T17RMM_20190703T155829_TCI_10m.tif
fff672066ad4f2f9849d71fef50249be,S2B_MSIL2A_20190703T155829_R097_T17RMN_20201005T085416,0.0003185962160572493,148022.0,0,https://sentinel2l2a01.blob.core.windows.net/sentinel2-l2/17/R/MN/2019/07/03/S2B_MSIL2A_20190703T155829_N0212_R097_T17RMN_20201005T085416.SAFE/GRANULE/L2A_T17RMN_A012135_20190703T160727/IMG_DATA/R10m/T17RMN_20190703T155829_TCI_10m.tif
